"Player","Pos","Team","1","2","3","4","5","6","7","8","9","10","11","12","13","14","15","16","17","18","AVG","TTL"
"Patrick Mahomes II","QB","KC","34.9","17.3","18.1","24.4","30.5","21.6","27.9","BYE","35.1","32.1","27.5","19.4","19.8","22.8","32.7","23.8","25.5","15","25.2","428.4"
"Josh Allen","QB","BUF","33.5","29.7","26.7","24.5","36.2","26.4","BYE","19.6","26.8","21.6","12.6","30.9","16.9","20.6","35.9","25","2.7","22.8","24.2","412.2"
"Jalen Hurts","QB","PHI","24.7","34","27.6","17","27.7","16.9","BYE","28.4","20","22.8","24.2","29.8","34.4","30.4","36.7","-","-","9.5","25.6","384"
"Joe Burrow","QB","CIN","22.2","16.6","23","20.1","18.3","32.5","39.2","14.5","19.1","BYE","28.7","18","30","17.6","25.8","25.5","6.3","11.6","21.7","369"
"Geno Smith","QB","SEA","17.2","7.1","19.9","31.7","24","12.7","14.1","19.1","21.8","19.2","BYE","20.3","24","22.6","15.3","13.2","17.1","15.6","18.5","314.9"
"Justin Fields","QB","CHI","14.6","9.8","6.9","10.2","17","19.4","24.4","26","42.7","40.4","23.6","-","21.3","BYE","23.6","9.9","17.2","-","20.5","307"
"Kirk Cousins","QB","MIN","19.1","11.8","18.3","13.9","23.2","16.5","BYE","23.5","17.4","17.5","2.2","22.9","11.8","25","34.4","24.2","10.9","13","18","305.6"
"Trevor Lawrence","QB","JAC","14.4","18.5","25.2","6.7","12.3","24.9","18.7","8.8","16.7","21","BYE","24.9","16.4","33.4","27.8","18.3","5.5","10.2","17.9","303.6"
"Daniel Jones","QB","NYG","17","13.1","14.7","21.6","12.4","13.5","28.8","9","BYE","18.3","26.6","14.5","17.1","19.4","9.9","21.8","36.2","-","18.4","294"
"Jared Goff","QB","DET","16.5","26","14.9","34.2","6.9","BYE","3.5","17.6","12.4","14.8","6.5","17.6","21.6","26.1","14.1","25.7","22.4","9.5","17.1","290.3"
"Justin Herbert","QB","LAC","23.3","24.5","13.6","21.1","14.4","9.4","18.1","BYE","13.1","13","19.7","28.8","18.1","19.5","10.7","6.5","16.7","18.8","17","289.3"
"Tom Brady","QB","FA","11.4","9.4","14.7","25.4","19.7","13.7","11.7","17.1","15.2","17","-","18","18.1","12.1","18.6","13.3","37.7","7.4","16.5","280.7"
"Josh Jacobs","RB","LV","7.3","8.1","9.7","29.5","25.3","BYE","33.5","5.4","8.7","16.6","16","42.3","19","17.4","11","5","15.5","5","16.2","275.3"
"Christian McCaffrey","RB","SF","11.7","12.8","11.5","16.8","16.4","15.8","6.2","32.3","BYE","13.7","10.6","4.9","20.6","27.3","19.8","11.8","25.3","13.9","16","271.4"
"Derrick Henry","RB","TEN","8.2","8.5","20.3","20.7","25.2","BYE","13.8","34.8","23.5","6.7","23.4","11.7","3.8","17.5","22.3","16.6","-","12.8","16.9","269.8"
"Austin Ekeler","RB","LAC","7.2","9.4","5.3","28.9","31.9","14.3","24.7","BYE","17.1","6.3","16","14","8.2","16.4","13","19.9","28.1","5","15.6","265.7"
"Nick Chubb","RB","CLE","14.3","29.3","17.3","18.7","25.4","7","16.7","24.4","BYE","12.1","6.7","19.2","8","5.4","9.9","10.2","11.6","18.2","15","254.4"
"Aaron Rodgers","QB","GB","4.7","16.4","17.1","17.1","16.9","11.8","15.8","16.2","16.6","19.4","19.1","11.5","13.7","BYE","11.9","14.3","16.6","12.2","14.8","251.2"
"Lamar Jackson","QB","BAL","21.2","42.6","40.4","15.1","15.8","17.1","10.7","21.8","17.5","BYE","16.5","23.1","1.3","-","-","-","-","-","20.3","243.1"
"Justin Jefferson","WR","MIN","30.4","4.8","1.4","21","18.3","10.7","BYE","9.8","18.5","25.3","3.3","20.3","11.6","22.3","18.3","19.3","1.5","3.8","14.2","240.7"
"Tua Tagovailoa","QB","MIA","14.8","40.9","11.4","3.4","-","-","15.9","29.2","24.1","23.4","BYE","16","15.8","12.6","18.1","13.4","-","-","18.4","238.9"
"Russell Wilson","QB","DEN","17.8","12.1","9.1","26.5","11.2","13.8","-","14.8","BYE","15.2","10.7","8.5","9.7","26.6","-","11.3","24.6","24.1","15.7","235.8"
"Davante Adams","WR","LV","20.1","7.2","9.2","10.5","24.4","BYE","9.5","0.2","26.6","18.6","26.1","7.4","29.7","7.1","2.8","1.5","27.3","7.3","13.9","235.5"
"Derek Carr","QB","NO","16.8","19","20.8","11.5","17.9","-","13.5","2.9","18.4","17.9","20.3","22.8","17","4.6","20.2","9.4","-","-","15.5","233.1"
"Saquon Barkley","RB","NYG","27.4","8.8","18.6","16.2","16.6","15.5","13.5","12.2","BYE","22","3.5","11.2","14.1","4.8","18","19.3","5.3","-","14.2","227"
"Tyreek Hill","WR","MIA","10","31","3.3","15.9","6","17.7","7.2","19.5","20.3","10.4","BYE","9","20.6","14.1","12.9","10.3","11.7","2.3","13.1","222.2"
"Jamaal Williams","RB","NO","15","6","22.7","22.9","5.6","-","6.3","19.6","10.1","11.9","24.4","10.6","9.5","3.7","3.3","1.4","21.7","19.2","12.6","213.9"
"Dak Prescott","QB","DAL","5.5","-","-","-","-","-","12.3","26.4","BYE","21.2","20.6","16.8","17.8","15.7","22.2","29","16.4","9.7","17.8","213.6"
"A.J. Brown","WR","PHI","15.5","6.9","14.5","9.5","3.2","12.7","BYE","33.6","11.9","0.7","4","8.6","23.9","13","18.1","10.3","15.7","9.5","12.4","211.6"
"Stefon Diggs","WR","BUF","18.2","32.8","7.4","6.2","16.2","20.8","BYE","16.8","9.3","12.8","10.8","13.7","15.2","3.7","5.7","2.6","2.6","16.4","12.4","211.2"
"Tony Pollard","RB","DAL","2.2","15.8","10.5","0.8","14.6","5.2","10.9","32.7","BYE","18.8","30.9","6.1","22.6","18.2","10.6","8","-","1.9","13.1","209.8"
"Kyler Murray","QB","ARI","20.6","26.9","13.4","23.9","17.2","15.9","17.2","26.6","19","-","-","26.2","BYE","0.7","-","-","-","-","18.9","207.5"
"Travis Kelce","TE","KC","18.1","5.1","13.9","15.2","26.5","11.2","9.8","BYE","10.6","14.1","29.5","11.7","3.6","7.1","10.5","11.3","4.3","3.8","12.1","206.3"
"Marcus Mariota","QB","PHI","19.8","15.4","16.6","4.9","18","24.2","12.1","24.4","7.6","18.7","17.7","14.9","11.4","-","-","-","-","-","15.8","205.6"
"Dalvin Cook","RB","MIN","10.8","3.6","13.6","8.6","24.1","14.3","BYE","20.1","11.6","20.6","7.2","5.6","14.3","7.6","23","7.7","4.4","1.7","11.7","198.8"
"Miles Sanders","RB","CAR","16.5","8.6","4.4","27.6","6.4","13.2","-","13.8","15.3","5.4","4.8","28","9.8","27.5","0.9","5.1","6.1","3.3","11.6","196.7"
"Davis Mills","QB","HOU","15.5","7.2","11.8","15.8","5.8","BYE","19.1","9.9","14","15.8","11.8","-","-","6.2","18.9","10.9","9.4","24.5","13.1","196.5"
"CeeDee Lamb","WR","DAL","2.9","8.1","14.7","15.7","5.3","7.7","6.6","13.8","BYE","27","4.5","11.7","15.4","3.3","12.7","24","10","11.2","11.4","194.6"
"Aaron Jones","RB","GB","7.6","29","2.7","11.5","8","4.4","19.6","15.7","4.5","21.6","8","15.9","5","BYE","16.6","3.4","11.3","4.8","11.2","189.6"
"New England Patriots","DST","NE","4","8","4","11","22","13","5","9","26","BYE","17","2","4","20","11","14","12","4","10.9","186"
"Jaylen Waddle","WR","MIA","13.7","29.1","11.1","3.9","2.3","10.9","8.8","22.6","14.5","6.6","BYE","8.5","0.9","3.1","17.4","20.3","5.2","5.3","10.8","184.2"
"Andy Dalton","QB","CAR","-","-","-","13.7","10.9","10.5","29.5","17.2","11.9","9.1","22.2","10.3","13.3","-","14.1","2.6","7","11","13.1","183.2"
"Najee Harris","RB","PIT","8.6","8.9","10.1","7.4","3.6","10.9","8","6","BYE","9.9","23.6","9.9","9.2","11","14.6","9.5","18.3","13","10.7","182.5"
"Mac Jones","QB","NE","9.5","13.7","18.9","-","-","-","1.9","12.7","9.7","BYE","10.1","23.3","12.5","8.3","7.5","17.5","16.3","19.2","12.9","181.1"
"Joe Mixon","RB","CIN","14.5","8.3","3.8","13.4","8.8","12.8","15.1","5.9","51.1","BYE","6.2","-","-","10.6","5.4","10.8","1.2","12.8","12","180.7"
"Rhamondre Stevenson","RB","NE","2.7","5.1","16.1","8.9","17.5","21.1","15.8","14.3","13","BYE","8.2","11.2","7.8","1","22.8","1.3","5.1","8.2","10.6","180.1"
"Kenneth Walker III","RB","SEA","-","1.5","3.3","2.4","14.8","17","28.7","11.2","24.9","7.2","BYE","15.9","3.6","-","7.9","10.5","14.2","12.4","11.7","175.5"
"Jacoby Brissett","QB","WAS","10.9","16.5","17.9","16","15.4","10.6","10.1","20.3","-","16.5","25.9","14.1","-","0","0.3","-","0.2","-","12.5","174.6"
"Travis Etienne Jr.","RB","JAC","6.5","5.3","7.5","3.2","11.4","10.8","17.9","22.2","24.6","7.3","BYE","0.3","4.6","3.2","10.7","11.2","20","3.4","10","170.1"
"Dallas Cowboys","DST","DAL","5","7","10","10","23","4","22","11","BYE","5","16","4","20","4","6","7","10","6","10","170"
"Amari Cooper","WR","CLE","1.7","16.1","16.1","0.9","13.6","10.4","7.4","18.1","BYE","3.2","23.3","9.4","4","4.2","5.8","7.2","22.5","5.1","9.9","169"
"Ezekiel Elliott","RB","FA","4.9","4.9","13.5","8.1","7.8","14.6","17.7","-","-","-","16.7","15.5","15.1","14.1","13.1","12.1","9.7","1","11.3","168.8"
"Jimmy Garoppolo","QB","LV","-","16.7","9.4","13.9","18","18.9","17.3","17.7","-","15.9","25.4","13.3","2.2","-","-","-","-","-","15.3","168.8"
"Matt Ryan","QB","FA","16.3","4.8","15.3","18.8","8.1","27.2","11.9","-","-","22.7","8.6","11.2","12.1","-","11.3","-","-","-","14","168.3"
"Ryan Tannehill","QB","TEN","19.3","2.9","19.8","14.4","11.5","BYE","3.9","-","-","19.4","20","12.5","13","18.8","11.7","-","-","-","13.9","167.2"
"Justin Tucker","K","BAL","6","10","9","11","16","8","13","9","10","BYE","7","15","4","11","5","9","9","12","9.6","164"
"San Francisco 49ers","DST","SF","5","15","8","21","15","1","1","3","BYE","6","11","15","18","10","9","7","3","15","9.6","163"
"Daniel Carlson","K","LV","9","13","10","14","16","BYE","10","0","8","2","14","10","11","12","7","5","12","9","9.5","162"
"Amon-Ra St. Brown","WR","DET","12.4","30.4","7.3","-","1.8","BYE","0.4","6.9","5.5","12.1","8","18.9","23.6","7.4","8.2","7.6","6.2","4.9","10.1","161.6"
"Brett Maher","K","FA","5","12","12","16","11","5","6","7","-","4","22","4","6","11","12","18","10","0","9.5","161"
"DeVonta Smith","WR","PHI","0","8","22.9","1.7","8.7","10.4","BYE","2.3","2.2","7.9","7.8","5","16.2","12.4","12.6","23.3","11.5","6.7","9.4","159.6"
"Jason Myers","K","SEA","6","1","11","14","10","13","16","11","8","6","BYE","10","10","6","9","4","11","13","9.4","159"
"Kenny Pickett","QB","PIT","-","-","-","15.3","13.1","8.3","13.3","8.3","BYE","19.1","16","12.2","13.3","1.6","-","13.7","10.9","13.9","12.2","158.9"
"Christian Kirk","WR","JAC","11.7","19.8","13.2","6.3","1.1","6.8","10.1","4","13.6","22.5","BYE","4.1","10.4","4.5","9.2","2.6","2.1","15.9","9.3","157.9"
"Ja'Marr Chase","WR","CIN","18.9","5.8","6.7","8.1","5","25.2","25","-","-","BYE","-","-","9.7","18.5","12","5.9","0","14.6","12","155.4"
"Alvin Kamara","RB","NO","4.6","-","5.3","-","17.4","12.4","10.5","33.8","6.2","4.5","8.9","1","3.7","BYE","10.4","17","8","11","10.3","154.7"
"James Conner","RB","ARI","11.5","5.1","5.7","7.7","6.3","-","-","-","6.4","20.6","11.4","18","BYE","17.4","15.1","18","11","-","11.9","154.2"
"Leonard Fournette","RB","FA","13.7","7.4","7","11.4","25.9","16.1","2.6","11.8","6","10.8","-","-","8.1","4.6","7.4","16.2","4.7","0.4","9.6","154.1"
"Tyler Lockett","WR","SEA","2.8","10.7","7.6","7.1","22.4","1.7","4.5","10.3","12.7","10.2","BYE","12.8","18.8","12","6.8","-","1.5","11.4","9.6","153.3"
"Younghoe Koo","K","ATL","19","5","12","12","1","4","6","14","5","3","12","9","14","BYE","4","9","8","15","8.9","152"
"Terry McLaurin","WR","WAS","11.8","8.2","10.2","1.5","7.6","5.2","13.3","10.6","5.6","12.8","5.6","5.3","16.5","BYE","7","13.7","3.7","13.4","8.9","152"
"Buffalo Bills","DST","BUF","17","20","4","7","14","8","BYE","5","5","8","5","8","5","12","1","10","4","19","8.9","152"
"Philadelphia Eagles","DST","PHI","5","12","15","15","4","7","BYE","14","8","7","7","6","10","9","9","10","10","3","8.9","151"
"Brandon Aiyuk","WR","SF","4.7","6.3","9.9","3.7","5.8","20.3","8.2","14.1","BYE","6.4","14","6.5","4.6","11.7","1.9","8.1","17.7","5.9","8.8","149.8"
"Mike Evans","WR","TB","13.1","6.1","-","22.3","8.1","4.2","9.6","12.3","4","5.4","BYE","3.1","5.9","4.4","8.3","2.9","38.7","-","9.9","148.4"
"Tee Higgins","WR","CIN","2.7","13.1","9.3","18.4","-","4.7","9.3","10.9","6","BYE","14.8","17.4","9.5","-","11.3","18.8","1.3","0.7","9.9","148.2"
"Nick Folk","K","NE","1","5","10","6","18","8","2","21","17","BYE","4","15","4","11","13","0","6","5","8.6","146"
"Tyler Bass","K","BUF","8","12","5","11","8","6","BYE","10","7","13","23","10","7","9","6","3","3","5","8.6","146"
"Eddy Pineiro","K","CAR","6","10","12","6","10","5","3","9","3","16","3","12","BYE","13","12","14","7","5","8.6","146"
"Graham Gano","K","NYG","1","17","15","10","10","6","11","8","BYE","7","0","11","9","2","12","14","8","4","8.5","145"
"David Montgomery","RB","DET","5","13.6","1.1","-","14.2","8","12.2","5.5","4.4","4.4","18.1","11.3","12.7","-","21.1","6.4","3.6","2.1","9","143.7"
"Tyler Allgeier","RB","ATL","-","3","3","10.4","4.5","5.1","11","14.5","12.3","0.3","6.4","5.4","5.2","BYE","21.6","11.7","15.5","13.5","9","143.4"
"D'Andre Swift","RB","DET","23.5","14.7","4.6","-","-","BYE","-","9.3","5","7.2","9.2","6.3","17.1","3.9","7.5","2.5","23.7","8.6","10.2","143.1"
"Robbie Gould","K","FA","4","9","6","6","7","2","14","7","-","10","8","8","18","5","3","13","14","8","8.4","142"
"George Kittle","TE","SF","-","-","2.8","2.4","2.7","8.3","15.8","9.9","BYE","2.1","20.4","2.6","2.2","2.8","21.3","24","8.3","14.9","9.4","140.5"
"Jerick McKinnon","RB","FA","4.9","7.6","2","0","7.2","3","4.8","-","4.4","5.8","0.4","2.6","12","25.4","26.2","9.8","17.6","6.6","8.3","140.3"
"Devin Singletary","RB","HOU","6.2","2.1","15.1","7.6","4.6","10.7","-","8.3","4.8","14.7","15.7","8","11.1","4.3","7","18.5","0.3","1.2","8.2","140.2"
"Riley Patterson","K","JAC","12","8","12","3","7","3","3","5","11","5","BYE","8","7","13","11","15","9","8","8.2","140"
"AJ Dillon","RB","GB","15.1","6.7","3.8","8.4","3.4","5.2","1.5","6.3","4.4","6.5","2.3","14.8","17.9","BYE","19.1","10.8","10.1","3.3","8.2","139.6"
"Jacksonville Jaguars","DST","JAC","6","21","9","9","5","-1","1","5","5","6","BYE","5","-2","12","12","14","17","15","8.2","139"
"Greg Zuerlein","K","NYJ","4","9","18","6","8","9","12","5","10","BYE","4","9","19","4","5","3","8","6","8.2","139"
"Chase McLaughlin","K","TB","-","0","11","5","17","9","6","11","4","9","12","7","9","-","21","4","4","9","8.6","138"
"Raheem Mostert","RB","MIA","3.2","7.9","1.1","8.1","18.2","4.8","16.9","6.7","8.6","14.7","BYE","-","3","4.4","15.6","2.9","15.1","6.1","8.6","137.3"
"Jerry Jeudy","WR","DEN","16.2","1.2","1.7","11.3","5.3","5.4","9.6","12.3","BYE","0","-","-","6.5","25.3","7.6","11.7","3.8","19.3","9.1","137.2"
"DK Metcalf","WR","SEA","1.6","3.5","12.4","14.9","12.8","3.4","1.2","11.5","9.7","7.1","BYE","9","18.7","13.1","5.5","8.1","0.3","4","8","136.8"
"Taysom Hill","TE","NO","14.3","1.4","-","8.1","34.1","4.5","9.1","7.3","1.1","0.1","6.6","2","11.3","BYE","10.2","11.6","12.6","2.5","8.6","136.8"
"Jeff Wilson Jr.","RB","MIA","3","10.3","8.6","13.4","19.2","0.5","5.4","3.5","13.2","20.3","BYE","11.2","0.3","2.6","-","10","7.6","7.4","8.5","136.5"
"Dameon Pierce","RB","HOU","3.9","7.7","16.1","19.9","17.3","BYE","11.7","11.1","13.9","10.2","1.7","1.6","9.5","11.8","-","-","-","-","10.5","136.4"
"DJ Moore","WR","CHI","5","10.3","1.5","6.1","6.7","0.7","12.6","21.5","2.4","2.9","2.4","16.3","-","0.6","13.3","15.1","17.7","1","8","136.1"
"Brandon McManus","K","DEN","11","12","5","5","11","13","4","3","BYE","4","14","4","14","4","8","9","7","7","7.9","135"
"Jason Sanders","K","MIA","10","6","3","10","6","5","12","8","5","9","BYE","13","6","7","12","9","3","11","7.9","135"
"Baltimore Ravens","DST","BAL","11","7","11","5","6","6","12","5","10","BYE","17","5","6","11","7","8","3","4","7.9","134"
"Cordarrelle Patterson","RB","ATL","19.6","4.1","21.3","9.8","-","-","-","-","17.3","2","9.9","7.1","6","BYE","11.2","3.1","14.4","7.9","10.3","133.7"
"Ryan Succop","K","FA","15","10","8","8","8","14","3","10","12","3","-","6","5","1","5","15","4","6","7.8","133"
"Greg Joseph","K","MIN","13","1","4","18","3","4","BYE","4","8","9","3","9","12","6","8","12","5","14","7.8","133"
"Matt Gay","K","IND","6","7","9","9","4","6","-","2","7","5","10","5","14","7","8","19","4","11","7.8","133"
"Garrett Wilson","WR","NYJ","5.2","22","6","4.1","2.7","0.8","2.4","11.5","9.9","BYE","1.2","21.4","16.2","7.8","9.8","1","1.8","8.9","7.8","132.7"
"Ka'imi Fairbairn","K","HOU","10","11","8","7","11","BYE","10","5","5","11","4","3","7","16","6","7","5","6","7.8","132"
"Evan McPherson","K","CIN","8","13","10","11","6","8","5","1","6","BYE","17","9","10","5","9","4","1","9","7.8","132"
"Baker Mayfield","QB","TB","19","13.3","10.7","7.9","7.6","-","-","-","14.2","-","7","-","-","14.2","7.5","17.4","4.1","6.5","10.8","129.4"
"T.J. Hockenson","TE","MIN","3.8","2.6","7.8","31.9","0.6","-","4.8","8","7","4.5","3.4","10.3","3.3","5.7","5.3","22.9","5.9","1.6","7.6","129.4"
"Cam Akers","RB","LAR","0","6.2","10.1","1.3","3.3","-","BYE","-","0.3","2.2","6.1","3.7","18","8.3","10","32.7","13.3","12.8","8.6","128.3"
"Latavius Murray","RB","FA","-","0","-","12.5","-","6.4","8.3","11.9","-","4.7","13.2","9.8","6.1","3.1","20.2","6","7.2","17.8","9.1","127.2"
"Cooper Kupp","WR","LAR","18.8","20.8","12.4","12.2","18.9","9.7","BYE","14.9","18.8","-0.1","-","-","-","-","-","-","-","-","14","126.4"
"Chris Olave","WR","NO","6.1","6","14.7","12.7","11.4","-","10.6","5.2","7.1","4","16.2","6.2","6.5","BYE","5.3","-","4.2","10","8.4","126.2"
"D'Onta Foreman","RB","CHI","0.5","0.9","-","0.2","0.2","1.9","14.5","31.8","2.1","19","2.4","11.3","-","7.5","0.9","22.5","3.5","6.8","7.9","126"
"Gabe Davis","WR","BUF","14.8","-","3.7","1.3","29.1","13.4","BYE","3.5","3.3","15.3","6.8","3.8","7.5","3.1","5.6","8.5","-","3.9","8.2","123.6"
"Christian Watson","WR","GB","4.1","0.9","-","8.3","-0.2","-","-","1.2","2.4","28.7","17.1","17","21.4","BYE","4.6","4.9","1.1","11.6","8.8","123.1"
"Isiah Pacheco","RB","KC","12.2","0.6","0.9","6.3","0","1.8","4.3","BYE","0.9","6.2","10.7","14.6","14.2","9.3","7.7","9","10.9","12.4","7.2","122"
"Jake Elliott","K","PHI","8","6","6","5","-","10","BYE","5","3","3","5","12","5","12","5","11","6","20","7.6","122"
"Taylor Heinicke","QB","ATL","-","-","-","-","-","-","15.4","23.1","14.7","6.4","7.8","12.4","17.6","BYE","13.3","11.2","-","-","13.6","122"
"Carson Wentz","QB","FA","29.7","28.8","8.6","9.3","22.9","4.2","-","-","-","-","-","-","-","-","-","8.9","9.4","-","15.2","121.8"
"Kansas City Chiefs","DST","KC","3","10","8","4","1","3","13","BYE","4","6","9","11","1","15","3","8","8","14","7.1","121"
"Cade York","K","CLE","16","6","5","9","4","12","9","8","BYE","5","5","7","11","4","8","4","6","2","7.1","121"
"Mason Crosby","K","FA","1","10","2","9","10","4","3","5","3","7","3","9","8","-","6","15","13","12","7.1","120"
"Antonio Gibson","RB","WAS","13","10.1","10","6.3","3.9","5.3","13.7","13.7","4.7","11.8","10.3","5.4","5.9","BYE","2.7","3.1","-","-","8","119.9"
"Chris Godwin","WR","TB","3.5","-","-","5.9","6.3","9.5","4.5","7.5","3.7","13.1","BYE","17","6.3","5.4","14.3","6.3","12","3.5","7.9","118.8"
"Jonathan Taylor","RB","IND","23.5","6.3","9.1","2.3","-","-","8.5","5.6","-","22.3","13.4","15.8","10.3","BYE","1.3","-","-","0","9.9","118.4"
"Carolina Panthers","DST","CAR","1","4","16","9","5","9","8","5","-2","10","9","11","BYE","7","1","4","6","15","6.9","118"
"New York Jets","DST","NYJ","4","2","4","12","9","20","7","8","10","BYE","10","8","2","8","1","4","4","5","6.9","118"
"Michael Badgley","K","DET","-","-","-","13","-","BYE","9","10","1","7","7","7","19","12","8","5","12","8","9.1","118"
"Michael Pittman Jr.","WR","IND","18.1","-","7.2","3.1","5.9","13.4","3.8","5.3","2.2","5.3","7.5","12.1","1.6","BYE","9","3.9","10.1","9","7.3","117.5"
"Mark Andrews","TE","BAL","5.2","16.7","20.9","1.5","14.9","16.6","0.4","3.3","-","BYE","6.3","7","5.4","1.7","3.1","4.5","10","-","7.8","117.5"
"Seattle Seahawks","DST","SEA","7","9","7","7","1","17","7","13","8","4","BYE","1","8","1","1","1","17","8","6.9","117"
"Green Bay Packers","DST","GB","1","9","11","7","3","2","9","6","3","5","5","0","9","BYE","11","11","23","2","6.9","117"
"Washington Commanders","DST","WAS","4","-1","5","3","5","13","3","7","5","15","19","7","7","BYE","1","1","5","18","6.9","117"
"Tyler Boyd","WR","CIN","9.3","3.7","16.5","5.6","3.2","6.6","21.5","9.8","4.4","BYE","4.2","1.6","6","0","9.5","2.1","7.4","5.1","6.9","116.5"
"Matthew Stafford","QB","LAR","10.8","20.9","10.2","7.8","11.3","12.8","BYE","17.4","10.5","-","14.8","-","-","-","-","-","-","-","12.9","116.4"
"Zay Jones","WR","JAC","6.5","2.3","14.5","-","1.2","4.2","6.8","3.5","4","6.8","BYE","16.5","1.6","13.7","28.9","1.1","2.4","2.1","7.3","116.1"
"Houston Texans","DST","HOU","7","6","9","2","11","BYE","0","8","5","3","1","7","8","7","5","17","6","14","6.8","116"
"Indianapolis Colts","DST","IND","6","0","6","3","14","6","8","5","7","3","8","3","1","BYE","23","9","1","13","6.8","116"
"New Orleans Saints","DST","NO","6","4","4","4","4","4","1","16","3","7","5","5","6","BYE","7","8","18","13","6.8","115"
"Cincinnati Bengals","DST","CIN","2","4","16","8","4","1","4","7","6","BYE","1","5","4","8","9","10","7","19","6.8","115"
"Joey Slye","K","WAS","2","1","0","5","7","6","11","5","6","19","12","8","9","BYE","9","2","5","8","6.8","115"
"Allen Lazard","WR","NYJ","-","7.3","10.5","11.6","9.5","13.6","5.5","-","14.7","4.5","5.7","2.4","6.7","-","0.7","6.1","5.9","10.1","7.7","114.8"
"George Pickens","WR","PIT","0.3","2.3","3.9","10.2","8.3","2.8","12.1","0","BYE","11.5","14.3","7.7","0.2","7.8","5.3","11.7","2.9","13.2","6.7","114.5"
"Wil Lutz","K","NO","10","4","2","7","9","14","11","6","7","5","10","0","10","BYE","3","5","10","1","6.7","114"
"Mike Williams","WR","LAC","1","17.3","7.5","12","13.4","1.7","14.6","BYE","-","-","1.5","-","-","17.6","6.7","7.6","9.4","3.2","8.7","113.5"
"Jakobi Meyers","WR","LV","6.2","9.5","-","-","17.1","6","9.4","12","2.4","-","5.2","6.2","2.2","-","2.7","14.3","10.9","9.2","8.1","113.3"
"Deebo Samuel","WR","SF","10.6","9.7","7.9","17.7","9.2","9","4.4","-","BYE","5.1","15.4","4.3","6.3","10.4","-","-","-","2.4","8.6","112.4"
"Curtis Samuel","WR","WAS","11.2","15.9","6.1","3.8","6.2","0.6","7.9","7.9","14.1","4","8.8","1.3","8.6","BYE","4.5","11.4","0.6","-0.6","6.6","112.3"
"Brock Purdy","QB","SF","-","-","-","-","-0.1","-","1.7","-","BYE","-","0.3","-","15.3","21.7","16.5","17","18.1","19.8","12.3","110.3"
"Adam Thielen","WR","CAR","3.6","5.2","12.1","7.2","2.7","11.6","-","6.7","6.7","4.9","2.5","12.1","2.7","12.5","10.1","0.6","1.6","7.2","6.5","110"
"Khalil Herbert","RB","CHI","10.3","4.1","28.9","10.1","1.1","7.4","14.7","15.9","2.3","5.7","-","-","-","BYE","-","0.3","3.1","4.9","8.4","108.8"
"JuJu Smith-Schuster","WR","NE","5.9","1","8.9","4.6","3.3","17.3","18.4","-","8.8","3.3","-","3.8","3.5","13.4","6.8","2.7","2.1","3.5","6.7","107.3"
"Pittsburgh Steelers","DST","PIT","26","3","2","5","2","3","1","-1","BYE","10","2","10","4","3","5","13","7","12","6.3","107"
"Miami Dolphins","DST","MIA","18","-4","9","1","-2","3","12","1","9","6","BYE","18","6","10","3","4","4","9","6.3","107"
"Cleveland Browns","DST","CLE","6","3","10","3","0","0","5","13","BYE","-3","1","4","27","4","16","3","13","2","6.3","107"
"New York Giants","DST","NYG","4","7","0","16","2","7","5","5","BYE","9","-1","3","8","2","17","4","14","5","6.3","107"
"Drake London","WR","ATL","7.4","16.6","11.4","1.7","3.5","4","0.9","3.1","0.3","9.8","6.2","2.9","9.5","BYE","5","7.6","4.7","12","6.3","106.6"
"Donovan Peoples-Jones","WR","CLE","6","0","1","7.1","5","7.6","5.1","8.1","BYE","9.9","12.1","1.6","10.4","11.4","9.1","0.2","7.3","4.2","6.2","106.1"
"Minnesota Vikings","DST","MIN","12","7","2","6","4","13","BYE","10","6","15","-4","9","5","-1","5","9","-1","9","6.2","106"
"Los Angeles Chargers","DST","LAC","13","1","-4","8","1","7","4","BYE","7","3","2","5","12","6","7","20","9","5","6.2","106"
"Zach Wilson","QB","NYJ","-","-","-","19.8","14.6","4.5","7.2","19.4","10.6","BYE","5.7","-","-","-","20.4","2.8","-","-","11.7","104.9"
"Samaje Perine","RB","DEN","3.7","1","12.1","0","5.6","1.6","0.8","1.7","5.4","-","26.2","15.3","15.5","8.4","2.4","2.2","-","2.2","6.5","104.1"
"Los Angeles Rams","DST","LAR","9","9","6","1","4","11","BYE","2","4","2","4","4","8","5","7","21","-1","8","6.1","104"
"Cairo Santos","K","CHI","1","5","14","-","15","1","18","5","6","6","7","4","8","BYE","2","7","4","1","6.5","104"
"Tennessee Titans","DST","TEN","9","-3","3","10","6","BYE","19","9","7","12","4","8","-2","-4","8","7","7","4","6.1","104"
"Evan Engram","TE","JAC","2.8","4.6","2.9","1.6","6.9","4","6.7","11.5","0.8","1.4","BYE","0.4","9","28.2","6.2","11.3","2.9","2.7","6.1","103.9"
"Brian Robinson Jr.","RB","WAS","-","-","-","-","2.2","12","8.6","2","3.8","14.6","5.7","18.5","11.1","BYE","10.7","5.8","8.7","-","8.6","103.7"
"Arizona Cardinals","DST","ARI","-2","9","4","12","3","14","17","6","9","8","-4","4","BYE","3","11","5","4","0","6.1","103"
"Tampa Bay Buccaneers","DST","TB","13","26","6","1","6","3","1","5","8","6","BYE","6","3","-2","3","8","8","2","6.1","103"
"Harrison Butker","K","KC","9","-","-","-","-","11","6","BYE","6","3","14","14","6","11","4","7","3","8","7.8","102"
"Denver Broncos","DST","DEN","5","7","16","2","14","5","4","7","BYE","4","1","2","12","7","10","-4","6","4","6","102"
"Matt Prater","K","ARI","1","1","14","8","-","-","-","9","3","-","5","7","BYE","7","14","14","15","1","7.6","99"
"Detroit Lions","DST","DET","0","9","2","-2","2","BYE","4","3","11","10","11","4","5","8","13","-4","15","7","5.8","98"
"Keenan Allen","WR","LAC","6.6","-","-","-","-","-","1.1","BYE","-","-","7.4","10.9","14.8","9.2","8.6","10.4","6.8","22.2","9.8","98"
"Cole Kmet","TE","CHI","0","0","4","1.6","4.5","1.5","3.2","7.1","17","19.4","3.5","2.7","7.2","BYE","2.5","2.7","8.7","11.7","5.7","97.3"
"Joshua Palmer","WR","LAC","0.9","9","9.9","2.5","2.4","5.7","-","BYE","10.6","4.4","22.6","5.6","6","5.3","4.9","1.6","0","5.9","6.1","97.3"
"Mack Hollins","WR","ATL","1.6","6.6","22","3.3","0","-","10.4","6.4","1.7","1.8","5.2","12.3","3.5","6.2","10","0.7","4","1.5","5.7","97.2"
"Chris Boswell","K","PIT","14","8","5","12","3","10","5","-","BYE","-","-","-","-","2","8","9","12","9","8.1","97"
"Breece Hall","RB","NYJ","4.1","12","9.2","13.8","25.7","18.1","13.2","-","-","BYE","-","-","-","-","-","-","-","-","13.7","96.1"
"K.J. Osborn","WR","MIN","1.4","2.5","13.3","0.5","4.1","1.8","BYE","6.8","0","3.7","1.7","1.3","1.7","9.8","21.7","1.7","11.9","11.7","5.6","95.6"
"Jahan Dotson","WR","WAS","15","13.9","1","10.3","-","-","-","-","-","1.4","1.6","0","11.4","BYE","16.5","13.6","3.7","7.2","8","95.6"
"Courtland Sutton","WR","DEN","7.2","12.7","9.7","11.2","7.4","1.4","2.3","1.3","BYE","6.6","8","7.5","0","-","-","6.4","4.4","9.3","6.4","95.4"
"Diontae Johnson","WR","PIT","5.5","7.7","8.4","2.2","6","3.6","4.5","3.5","BYE","6.3","2.2","4.9","6","8.2","10","6.4","3.5","5.8","5.6","94.7"
"Cameron Dicker","K","LAC","-","-","-","-","9","-","-","BYE","8","12","10","5","8","11","6","8","8","9","8.5","94"
"Juwan Johnson","TE","NO","4.3","4","0","3.3","1.3","4.1","15.2","1.4","10.2","10.4","10.7","0","-","BYE","18.7","0.9","6.2","2.1","5.8","92.8"
"Kareem Hunt","RB","FA","19","7.4","6.1","6.8","11.7","1.2","6.8","7.2","-","1.9","5.4","2.1","7.4","1.2","2.7","2.2","-0.1","2.8","5.4","91.8"
"Deshaun Watson","QB","CLE","-","-","-","-","-","-","-","-","BYE","-","-","-","6.3","17.3","12.6","12.8","21.9","19.6","15.1","90.6"
"Sam Darnold","QB","SF","-","-","-","-","-","-","-","-","BYE","-","-","16.9","-","11.8","13.2","21.9","22.6","2.9","14.9","89.3"
"Rachaad White","RB","TB","2.1","0.1","0","9.6","4.2","2.3","3.2","4.3","3.4","10.5","BYE","10.9","10.9","5.7","4.3","11.3","4.8","1.5","5.2","89.1"
"Atlanta Falcons","DST","ATL","6","16","4","6","0","13","-1","8","5","1","12","3","1","BYE","4","3","5","3","5.2","89"
"Marquise Brown","WR","ARI","10.3","6.8","14","14.8","13.8","6.8","-","-","-","-","-","4.6","BYE","3.4","1.9","5.8","6.1","0.7","7.4","89"
"Brandin Cooks","WR","DAL","8.2","5.4","2.2","11.7","2","-","4.6","7.3","BYE","4.2","7","6.1","-","-","-","9.4","3.9","16.6","6.8","88.6"
"DeAndre Hopkins","WR","ARI","-","-","-","-","-","-","10.3","21.9","9.6","9.8","9.1","14.7","BYE","5.9","6","0.4","-","-","9.7","87.7"
"Dawson Knox","TE","BUF","0.5","4.1","2.5","4","-","9.7","BYE","7","2.5","5.7","7","1.7","0","10.1","15.8","9.8","-","7.3","5.8","87.7"
"Kenyan Drake","RB","FA","4.6","0.8","-","-","2.7","18.7","0.5","12.7","22.9","-","5.3","0.2","4.6","0.2","-","-","-","13.9","7.3","87.1"
"Randy Bullock","K","FA","9","1","7","7","3","-","14","5","6","5","-","0","4","2","2","2","7","13","5.4","87"
"James Cook","RB","BUF","-1.8","5.3","4","0","9.1","0.8","BYE","7.6","3.3","2.2","8.6","1.8","10.5","1.5","9.9","16.8","1.8","5.1","5.1","86.5"
"Dallas Goedert","TE","PHI","6","8.2","8.6","7.2","9.5","2.2","BYE","6.4","16","6.3","-","-","-","-","-","6.7","4.5","4.6","7.2","86.2"
"Parris Campbell","WR","NYG","3.7","0","1","4.3","2.2","11.7","13","7.1","1.6","13.6","6.7","1.4","4.5","-","1.3","1.9","5.3","6.8","5.1","86.1"
"Dalton Schultz","TE","HOU","6.2","-0.2","-","0","0","BYE","4.9","7.4","-","11.4","2.2","15.1","3.3","8.7","1.5","4.3","17.6","3.3","5.7","85.7"
"Pat Freiermuth","TE","PIT","7.5","8.2","4.1","8.5","1.2","-","7.5","5.7","BYE","3.6","7.9","3.9","7.6","9.3","-","6.6","3.6","0","5.7","85.2"
"Michael Carter","RB","NYJ","10","5","4.6","2.9","15.3","4.7","7.4","6.1","14.6","BYE","1.7","3.6","-","0","3.1","5","0.5","0.5","5.3","85"
"David Njoku","TE","CLE","0.7","3.2","14.9","4.7","8.8","5.8","7.1","-","BYE","-","1.7","8.9","-","11.7","2.8","1.4","2.1","10.2","6","84"
"Darius Slayton","WR","NYG","-","-","-","1.1","7.9","1.8","11.8","6.6","BYE","15.5","8.6","6.3","9","4.2","2.3","7.9","-0.6","-","6.3","82.4"
"Gerald Everett","TE","LAC","11.4","7.1","2.5","12.1","0.2","2.9","6.3","BYE","3.6","2.3","-","3.8","8","2.8","4.2","-","7.5","6.8","5.4","81.5"
"Clyde Edwards-Helaire","RB","KC","19.4","11.8","9.9","21.4","3.5","3.3","9.2","BYE","1.9","0","0.9","-","-","-","-","-","-","-","8.1","81.3"
"Marquez Valdes-Scantling","WR","KC","4.1","1.3","4.8","6.3","9","0","11.1","BYE","1.2","12","1.8","5.6","7.1","2","8.6","0","2.8","2.7","4.7","80.4"
"Tyler Higbee","TE","LAR","3.9","7.1","6.1","7.3","4.6","0.7","BYE","1.5","0","7.3","4.5","-","1.4","1.1","8.7","21.4","1.1","3.3","5","80"
"Jordan Akins","TE","CLE","-","-","9.1","3.3","2.2","-","6.8","0.5","0","7.2","0.8","10.1","2.1","0.5","8.2","3.9","3.8","21","5.3","79.5"
"Devin Duvernay","WR","BAL","17.4","10.2","8.3","5.1","7.8","1.4","4.2","12.4","0.5","BYE","0.7","3.9","4.3","0","2.9","-","-","-","5.7","79.1"
"Mitch Trubisky","QB","PIT","12.7","12.4","15","2.5","-","10.3","-","-","BYE","-","-","-","-","12","14.1","-","-","-","11.3","78.9"
"Isaiah McKenzie","WR","IND","7.9","3.7","14.2","8.1","-","0.9","-","7","2.1","5.5","0","16.3","4.4","2.8","2.4","0.6","0","1.9","4.9","77.8"
"James Robinson","RB","NE","18.9","13.8","17.6","2.9","3.9","5.5","0","1.7","11.3","BYE","1","-","1","-","-","-","-","-","7.1","77.6"
"Las Vegas Raiders","DST","LV","0","3","3","11","2","BYE","10","0","2","3","6","6","8","7","11","6","-2","1","4.5","77"
"Richie James Jr.","WR","FA","6.1","5.1","4","-1.1","1.6","1.8","0.2","-4","-","-","10.8","10.1","2","12.1","4.2","9","13.6","0","4.7","75.5"
"J.K. Dobbins","RB","BAL","-","-","4","18.3","4.4","1.5","-","-","-","BYE","-","-","-","18","12.8","5.9","9.3","-","9.3","74.2"
"Damien Harris","RB","BUF","5.8","14.7","10.6","14.4","1.2","-","1","5.2","-","-","9.3","1.6","-","-","-","-","4.9","5.2","6.7","73.9"
"Chuba Hubbard","RB","CAR","0.3","-2","2.5","0","-","0.7","13.3","-","-","1.4","2.5","6.5","BYE","15.9","6.7","12.5","6.5","6.9","5.3","73.7"
"Tyler Conklin","TE","NYJ","7.6","4","8.4","5.2","0","1.7","2.2","19.9","0.7","BYE","1.5","5","0.9","2.8","0.9","3.4","8","1.3","4.3","73.5"
"Alexander Mattison","RB","MIN","3.6","1.4","10.4","7.8","4","0.3","BYE","10","0.1","1.9","0.8","1.1","7.8","-0.1","0.1","1.7","4.5","18","4.3","73.4"
"Noah Fant","TE","SEA","1.6","1.1","2.7","6.2","4.9","4.5","0.7","1.9","9.6","3.4","BYE","3.4","10.2","0","9.2","7.2","4","2","4.3","72.6"
"Russell Gage","WR","TB","1.3","2.8","12.7","2.4","4","2","3.9","-","-","-","BYE","-","1.1","7.2","17.9","6.5","3.3","7.5","5.6","72.6"
"Rashid Shaheed","WR","NO","-","-","-","-","-","10.4","11.3","3.8","0","1.2","0.8","5.9","7.5","BYE","15.5","4.1","7.9","4.1","6","72.5"
"DeVante Parker","WR","NE","0.9","0","15.6","8.4","0","6.4","6.8","0","-","BYE","1.9","8","1.6","2.4","-","-","-","19.9","5.5","71.9"
"Noah Brown","WR","HOU","6.8","15.1","5.4","6.1","0.5","1","3","-","-","0.3","4.2","0","1.5","8.5","16.9","0.5","0.7","1","4.5","71.5"
"Alec Pierce","WR","IND","0","-","6.1","8","8.1","10.9","3.7","6.5","2.3","0","2.8","0","14.6","BYE","0","2.6","1.5","4.2","4.5","71.3"
"Marvin Jones Jr.","WR","DET","3.8","3.3","9.3","0","10.4","BYE","5.7","0","4.8","3.3","-","8.2","1.7","2.2","7.7","1.5","6.1","2.9","4.4","70.9"
"Matthew Wright","K","FA","-","-","-","12","8","-","-","-","-","8","13","13","16","-","-","-","-","-","11.7","70"
"Olamide Zaccheaus","WR","FA","2.9","8.1","4.9","5.5","9.9","5.8","3.1","0.4","1.9","3.4","2.2","9.1","1.3","-","0","1.8","0","9.7","4.1","70"
"Kalif Raymond","WR","DET","0","0","0.4","2.1","4.5","BYE","9.5","7.6","1.7","4.7","4","3.5","0.6","1.9","11.3","6.4","4.4","6.6","4.1","69.2"
"Mecole Hardman Jr.","WR","NYJ","7.6","4.5","0.2","0.4","8","10.2","24","-","13.9","BYE","-","-","-","-","-","-","-","-","8.6","68.8"
"Zach Ertz","TE","ARI","9.4","7.5","4.5","10.7","4.8","7","4.1","9.4","10","1.2","-","-","BYE","-","-","-","-","-","6.9","68.6"
"DJ Chark Jr.","WR","CAR","11.2","0","4.6","-","-","-","-","-","-","-","0","7.6","9.8","15.4","1.8","10.8","5.6","1.4","6.2","68.2"
"Chris Moore","WR","FA","3.1","1.4","6.3","0","-","-","8","-","10.5","7","2.3","0.7","4.6","12.4","4.2","2.5","2.1","2","4.5","67.1"
"Michael Gallup","WR","DAL","-","-","-","8.4","4.4","1.8","0","4.9","BYE","3.5","4.1","6.3","14.3","4","0.2","9.6","3.9","1","4.7","66.4"
"DeAndre Carter","WR","LV","12.4","5.5","2.6","-0.4","0.9","1.7","3.7","-","5.3","12.4","3.3","13.3","1.4","0","0.5","0","1.4","2.3","3.9","66.3"
"Mike Gesicki","TE","NE","0.1","10.1","0.6","2.3","3","18.9","2.7","9.8","0.3","3.1","-","0","0","0","0.5","2.4","7.8","4.6","3.9","66.2"
"Josh Reynolds","WR","DET","2.8","9.8","9.6","14.1","9.2","BYE","0.8","1.4","-","-","-","-","1.9","11.1","-","3.1","0.5","1.6","5.5","65.9"
"Corey Davis","WR","NYJ","7.7","14.3","2.7","13.4","3.8","5.2","0","-","-","BYE","-","0.9","8.5","1.5","-","1.4","4.5","1.7","5","65.6"
"Jaylen Warren","RB","PIT","0.7","1.5","3.3","2.2","6.3","0.2","2.4","7.5","BYE","7.7","0.9","-","1.9","2.7","10.9","3","9.8","4.3","4.1","65.3"
"Chigoziem Okonkwo","TE","TEN","0.7","0","-","9.8","0","BYE","0","0.3","4.8","4.1","3.1","3.5","6.8","12.5","6","1","2.4","10.2","4.1","65.2"
"Kenneth Gainwell","RB","PHI","9.2","1.8","0.6","7.7","2","2.5","BYE","1.1","9.8","1.2","0","10.6","5.3","0","1.4","5.8","1.7","4.2","3.8","64.9"
"Eno Benjamin","RB","NO","6.1","5.1","2.3","4.5","11.3","6.5","19.3","4.5","2.7","0","-","-","-","0.1","-","-","1.9","0.3","5","64.6"
"Marquise Goodwin","WR","CLE","2.2","0","3.1","0","-","2.6","18.7","3.3","BYE","9.8","-","5.5","1.7","15.3","1","0","-","-","4.9","63.2"
"Isaiah Hodgins","WR","NYG","-","-","-","-","4.1","-","-","-","BYE","4.1","0.9","3.1","10.4","11.8","3.7","14.9","10.2","-","7","63.2"
"Hunter Henry","TE","NE","2","0","0.8","1.3","5.4","12.1","1.2","2.2","5","BYE","2","12.3","1.3","7","0.9","-","5.2","4.2","3.9","62.9"
"Robert Woods","WR","HOU","1.3","3.9","8.5","9","3.7","BYE","2.6","0.6","0","1","6.9","1.6","0.6","4.9","1.2","3","9.9","4","3.7","62.7"
"Melvin Gordon III","RB","FA","5.2","5.3","11.5","-1.2","10.3","0.8","5","11.2","-","7","7","-","-","-","-","-","-","-","6.2","62.1"
"Chicago Bears","DST","CHI","10","5","6","6","4","7","10","-1","-1","2","4","0","-1","BYE","7","3","-2","3","3.6","62"
"Darnell Mooney","WR","CHI","0.8","-0.4","2.3","9.4","5.2","6.8","5.3","7","10.5","5.7","8.9","-","-","BYE","-","-","-","-","5.6","61.5"
"Greg Dortch","WR","ARI","6.3","11.5","8","0.6","0","0","6.6","-0.8","0.3","0","10.3","-","BYE","0","0","12.3","1.5","4.5","3.8","61.1"
"Mike White","QB","MIA","-","-","-","-","-","-","-","-","-","-","BYE","24.8","19.5","10.7","-","-","5.6","-","15.1","60.6"
"Nico Collins","WR","HOU","2.6","5.8","4.1","8.2","6.5","BYE","3.3","-","-","10.9","4.8","4.4","9.5","-","-","-","-","-","6","60.1"
"Cooper Rush","QB","DAL","2.6","13.6","12.4","17.6","4","8.2","-","-","BYE","-","1.2","-","-","-","-","-","-","0","7.5","59.6"
"Romeo Doubs","WR","GB","4.8","2.7","13.3","8.7","2.9","2.1","0","12.2","1.8","-","-","-","-","BYE","5.5","3.6","2","0","4.6","59.6"
"Gus Edwards","RB","BAL","-","-","-","-","-","-","18.6","6.5","-","BYE","-","9.2","1.2","6.6","5.5","9.9","0.2","1.6","6.6","59.3"
"Chase Claypool","WR","CHI","5.4","2.6","4.6","0","5","16.4","4.1","8.5","1.7","0.8","1.1","5.1","0.8","BYE","-","-","0","2.9","3.9","59"
"Robert Tonyan","TE","CHI","3.6","1.1","3.7","8.2","2.3","9","3.2","3.5","2.9","0.8","1.9","2","1","BYE","0.4","1.3","11.2","2.9","3.5","59"
"Chase Edmonds","RB","TB","6.5","4.1","14.7","8","0.1","3.1","1.7","1.4","-","0.9","0.6","-","-","-","-","5.3","7.3","4.5","4.5","58.2"
"Nick Westbrook-Ikhine","WR","TEN","1.3","1.3","4","-","7.2","BYE","0","0","0","23.9","2.8","5.8","0.4","8.3","0","2.3","0.4","0","3.6","57.7"
"Darren Waller","TE","NYG","7.9","11","2.2","2.4","-","-","-","0","BYE","-","-","-","-","-","10.8","5.8","13.2","3.5","6.3","56.8"
"Darrell Henderson Jr.","RB","FA","7.3","10.7","1.7","3.9","3","11.2","-","3","5.6","9.2","0.9","-","-","-","-","-","-","-","5.7","56.5"
"Austin Hooper","TE","LV","0.6","1.9","1.9","0.4","0.7","BYE","5.6","0.5","3.4","4.1","15.6","3","2.2","6.8","3.3","2","0.6","3.8","3.3","56.4"
"Dontrell Hilliard","RB","FA","18.9","-","4.4","1.8","8.3","-","0.4","9.5","0.8","0.8","7.8","1.9","1.6","0","-","-","-","-","4.7","56.2"
"Hayden Hurst","TE","CAR","4.6","2.4","0.7","8.7","11.3","2.1","4.8","4.2","3.5","-","2.8","5.7","1.2","-","-","-","2.5","1.4","4","55.9"
"Demarcus Robinson","WR","FA","1.9","7.2","0","1","0.8","2.7","-","6.4","1.2","-","12.8","1.7","4.1","5.2","0.9","6.6","0.9","2.4","3.5","55.8"
"Isaiah Likely","TE","BAL","0","4.3","0.8","-","0.7","3","1.6","13.7","8.4","BYE","0.1","-","3","-","1.8","0.4","7.2","10.3","4","55.3"
"Treylon Burks","WR","TEN","5.5","4.7","2.1","1.8","-","BYE","-","-","-","2.4","11.1","7","8.5","-","-","1.5","8.6","1.9","5","55.1"
"Terrace Marshall Jr.","WR","CAR","-","-","-","-","3","0","3.1","8.7","11.3","4.3","7.6","0.8","BYE","1.8","5.1","5.5","1.5","2.3","4.2","55"
"Van Jefferson","WR","LAR","-","-","-","-","-","-","BYE","-","0","8.7","4.1","8.9","3.9","10.4","3.2","1.9","7.7","6.1","5.5","54.9"
"Deon Jackson","RB","IND","-","-0.3","-","-","9.1","18.1","0.3","-0.4","3.6","-","1","-","0.6","BYE","9.6","0.9","1","11","4.5","54.5"
"Trent Sherfield","WR","BUF","0.8","0.9","0.5","5.5","0.5","0.6","4.4","2.5","2.7","12.3","-","3.3","13.5","0.7","0","2.5","3","-","3.4","53.7"
"Zack Moss","RB","IND","1.6","1.7","5.2","0.6","0.7","-","-","-","-","0.4","0.7","0.2","1.8","BYE","8.1","7","7.4","18.1","4.1","53.5"
"Kendrick Bourne","WR","NE","4.1","1.6","5.8","3.8","0","1.7","-","0","1.2","BYE","0.8","2.9","1.5","4.7","0","18.9","1.8","4.5","3.3","53.3"
"Greg Dulcich","TE","DEN","-","-","-","-","-","10.4","5.1","8.7","BYE","1.1","3","1.1","8.5","4.2","1.1","9.9","-","-","5.3","53.1"
"Tyler Huntley","QB","BAL","-","-","-","-","-","-","-","-","-","BYE","-","-","16.6","6.6","6","13.2","10.6","-","10.6","53"
"Will Dissly","TE","SEA","10.3","0","9.4","9.9","2.1","1.2","4.5","1.2","2.4","2.8","BYE","1.7","2.2","2","1.3","1.9","-","-","3.5","52.9"
"Foster Moreau","TE","FA","-","3","4.4","-","-","-","2.8","3.1","2.4","10.3","3.3","9.3","3.2","0","2","1.9","5.5","1","3.7","52.2"
"Allen Robinson II","WR","LAR","1.2","11.3","2.3","0.7","1.2","12.3","BYE","5.4","2.4","4.4","10.7","-","-","-","-","-","-","-","5.2","51.9"
"Quez Watkins","WR","PHI","0","12.9","0","0","1.9","-0.3","BYE","0","2.5","6","9.1","9.5","3.7","1.9","1","1.9","0","1.4","3","51.5"
"Nyheim Hines","RB","BUF","5.4","3.7","3","0.3","0.8","-","4.3","10.9","0","0.9","-0.8","0.3","1.8","0.7","7","1.1","-","12","3.2","51.4"
"Joe Flacco","QB","FA","15.4","26.9","5.4","-","-","-","-","-","-","-","-","-","-","-2","-","-","-","5.7","10.3","51.3"
"Elijah Moore","WR","CLE","4.9","3.5","4.9","5.5","1.1","0","0","0","BYE","-","1.7","12","1.7","6","5.4","1.5","1.8","1.1","3.2","51.1"
"Cade Otton","TE","TB","0","0.4","-","2.9","4.3","2.3","6.4","1.5","12.8","3.5","BYE","0","8.8","2.8","2","1.2","1.7","0.5","3.2","51.1"
"Joshua Kelley","RB","LAC","3.5","2.5","0.3","1.5","14.2","-","-","BYE","-","-","-","2","3","3.5","9.1","4.2","4.6","2.4","4.2","50.8"
"JaMycal Hasty","RB","JAC","-","-","0","2.2","0.6","11.2","0.6","1","1.1","0.3","BYE","15.5","-","1.3","1.5","2.1","11.6","0.5","3.5","49.5"
"Jamal Agnew","WR","JAC","1.2","0.1","1.7","17","0.3","2.4","-","-","0","0.4","BYE","9.7","4.3","4.4","6.4","0.8","-0.2","0.8","3.3","49.3"
"Jelani Woods","TE","IND","-","-","13.3","3.3","0","8.7","0.4","-","0.2","-","-","9.8","2.8","BYE","3.6","4.3","1.9","0.9","4.1","49.2"
"Jameis Winston","QB","NO","21.7","10.6","16.6","-","-","-","-","-","-","-","-","-","-","BYE","-","-","-","-","16.3","48.9"
"Trenton Irwin","WR","CIN","-","-","-","-","-","-","-","2.7","2.5","BYE","10.2","1.6","1.2","11.8","0.5","16.5","-","1.2","5.4","48.2"
"Rashaad Penny","RB","PHI","6.7","1.5","6.9","27.7","5.4","-","BYE","-","-","-","-","-","-","-","-","-","-","-","9.6","48.2"
"Randall Cobb","WR","FA","1.4","3.7","5.7","4.2","9.9","0.8","-","-","-","-","7.3","7.9","0","-","3.2","0.5","2","1.1","3.7","47.7"
"Jauan Jennings","WR","SF","6.2","0.4","0.5","2.2","4.5","1.8","2.4","-","BYE","4","0","10.9","3.4","0.5","3.1","2.1","4.6","1","3","47.6"
"Kyle Pitts","TE","ATL","1.9","1.9","8.7","2.5","-","7.9","0.9","14","2.7","2.8","4.3","-","-","BYE","-","-","-","-","4.8","47.6"
"Rondale Moore","WR","ARI","-","-","-","0.7","6.1","4.9","3.1","16.4","6.9","9.4","-0.6","-","BYE","-","-","-","-","-","5.9","46.9"
"Julio Jones","WR","FA","8.6","-","-","0.7","-","-","-","8.1","2.8","11.3","-","5.5","2.8","3.8","-","0.5","2.3","-","4.6","46.4"
"Dante Pettis","WR","FA","11.1","0","0","0","0","14.4","3.1","1.8","1.2","1.7","0","1.2","1.4","-","1.3","7.1","0","1.9","2.7","46.2"
"Zonovan Knight","RB","NYJ","-","-","-","-","-","-","-","-","-","BYE","-","10.3","11.8","13.7","2.3","1.3","4.4","2.2","6.6","46"
"Laviska Shenault Jr.","WR","CAR","-","-","15","0","-","-","0.8","2.6","0.6","11.9","0.7","2.1","BYE","3.8","0","5.3","2","0.9","3.5","45.7"
"Jarrett Stidham","QB","DEN","-","-","-","-","-","-","-","2.9","BYE","-","-","-","-","-","-","-","28","14.8","15.2","45.6"
"Brock Wright","TE","DET","-","2.5","-","0","-","BYE","5.7","0.6","0","6.2","2","0.6","2.5","0","11.1","1.1","13.3","0","3.3","45.6"
"Ben Skowronek","WR","LAR","2.5","1.6","6.6","3.3","4.1","11.7","BYE","1","0","1.4","0.4","0.5","3","8.9","0.3","-","-","-","3.2","45.3"
"Tutu Atwell","WR","LAR","0","-","0","-","5.4","0.9","BYE","-","-","-","12.2","2.3","7.1","4.5","0.6","1.4","1","9.8","3.8","45.2"
"Daniel Bellinger","TE","NYG","-","7.6","4","2.3","8.4","9.8","1.3","-","BYE","-","-","-","2.4","1.9","0.4","2.7","4.2","-","4.1","45"
"Tyquan Thornton","WR","NE","-","-","-","-","0.7","17.3","1.9","1.3","0.5","BYE","0.5","-","3.1","2.8","2.1","0.8","12","1.3","3.7","44.3"
"Nelson Agholor","WR","BAL","0.8","17","2.1","4.6","0","-","0","0.2","-","BYE","1.8","12.5","1.7","3.2","0.3","0","0","0","2.9","44.2"
"Colby Parkinson","TE","SEA","10.3","-","4.4","2.8","-","1.1","2.8","0.5","0.6","0.7","BYE","-","1.2","1","0","4.5","9.6","4.7","3.2","44.2"
"Ray-Ray McCloud III","WR","SF","2","1.6","1.1","0.6","0","0","12.5","1.1","BYE","3.3","0","1.2","0","1.8","1.6","13.1","4.2","0","2.6","44.1"
"Equanimeous St. Brown","WR","CHI","7.8","3.9","6.3","0.9","2.4","0.1","4.8","0.6","0","0.9","2.4","0.7","8.6","BYE","2","-","2","0.3","2.7","43.7"
"Justin Watson","WR","FA","0","11","0","0","1","0","6.4","-","3.7","1.2","6.7","2.6","1.5","0","0","0","2.7","6.7","2.6","43.5"
"Hunter Renfrow","WR","LV","2.1","3.9","-","-","2.5","BYE","5.5","0.6","2.6","-","-","-","-","-","1.4","10.2","1.9","12.3","4.3","43"
"Caleb Huntley","RB","ATL","-","0.3","-","11.6","3.4","5.9","2.2","9.1","3.4","3.2","0.6","1.3","1.7","BYE","0.2","-","-","-","3.6","42.9"
"P.J. Walker","QB","CHI","-","-","-","-","2.4","2.3","15.1","17.7","-1","5.7","-","-","-","BYE","-","-","-","-","7","42.1"
"Teddy Bridgewater","QB","FA","-","-","0","11.8","0","20.2","-","-","-","-","-","-","-","-","-","-","10","-","8.4","42"
"Noah Gray","TE","KC","1","1.2","2.6","6.1","0.7","1.3","1","BYE","4.5","8","1.5","1.6","1.5","4.5","3.1","0.8","1.2","1.4","2.5","42"
"Bailey Zappe","QB","NE","-","-","-","6","11","17.4","7.3","-","-","BYE","-","-","-","-","-","-","-","-","10.4","41.6"
"Kadarius Toney","WR","KC","2.3","0","-","-","-","-","-","BYE","1.2","15","0","-","-","-","0.5","6.8","5.1","10.4","4.6","41.3"
"Boston Scott","RB","PHI","7","2.1","0","-","-","1.6","BYE","2.1","0.5","0.5","1.2","2.4","2.1","9.7","0","0","0.6","11.4","2.7","41.2"
"Elijah Mitchell","RB","SF","4.1","-","-","-","-","-","-","-","BYE","8.8","5.9","4.3","-","-","-","-","-","17.5","8.1","40.6"
"Dustin Hopkins","K","LAC","7","6","4","10","-","13","-","BYE","-","-","-","-","-","-","-","-","-","-","8","40"
"Gardner Minshew II","QB","IND","-","-","-","-","-","-","-","0.8","-","-","-","-","0.4","-0.1","-","24.7","14","-","8","39.8"
"Matt Breida","RB","NYG","2.4","-0.4","0.3","1.8","2.7","1.1","3.3","1.5","BYE","2","8.9","1.5","0.4","1.5","1.2","0.9","6.7","4","2.3","39.8"
"Braxton Berrios","WR","MIA","3.7","2.2","-0.2","4.7","7.4","8.6","4.2","0","0.6","-","0","1.3","0.9","2.5","1.4","0","2.4","0","2.3","39.7"
"Shi Smith","WR","CAR","1.2","0.2","2.2","0","6.9","0","0","0","2","1.7","0.6","0","BYE","7.7","2.4","1.7","13","0","2.3","39.6"
"Justin Jackson","RB","FA","-","0","0","6.7","1.4","-","0.2","0","2.7","2.8","7.7","1.9","2.3","9.1","3.1","-0.1","-","1.3","2.6","39.1"
"MyCole Pruitt","TE","FA","-","-","-","-","-","6.2","-","-","0.6","0.6","1.7","6.9","6.7","-","2","0","4.9","9.4","3.9","39"
"Damiere Byrd","WR","FA","-","-","-","0","0","-","13.5","12.7","0","5.8","2.9","-","1.2","-","0","1.5","1.2","0","3.2","38.8"
"Desmond Ridder","QB","ATL","-","-","-","-","-","-","-","-","-","-","-","-","-","BYE","7.7","9.5","5.7","15.9","9.7","38.7"
"Sam Ehlinger","QB","IND","-","-","-","-","-","-","-","7.5","7","-","-","-","-","BYE","-","-","7.6","16.5","9.7","38.6"
"Rashod Bateman","WR","BAL","11.9","16.8","3.9","1.7","-","-","4.2","0","-","BYE","-","-","-","-","-","-","-","-","6.4","38.5"
"Logan Thomas","TE","WAS","4.5","9.7","0.5","1.9","-","-","-","-","0","1.2","6.5","0.7","2","BYE","0.6","3.5","5.6","1.6","2.9","38.3"
"A.J. Green","WR","FA","1.3","3.6","0","-","2","0.7","-","0","-","7","5","0.5","-","0.7","0","-","1.7","15.1","2.9","37.6"
"Colt McCoy","QB","ARI","-","-","-","-","-","-","-","-","-","13.9","8.3","-","BYE","11.2","2.3","-","-","-","9","35.8"
"C.J. Uzomah","TE","NYJ","-","-","0.5","0","1.2","1.7","0.5","2.7","1.6","BYE","0","1.7","3.1","0.7","16.1","3","2.4","-","2.5","35.2"
"Jarvis Landry","WR","FA","11.4","2.5","2.2","2.7","-","-","-","-","-","3.7","9.3","2","1.4","-","0","-","-","-","3.9","35.2"
"Michael Thomas","WR","NO","17.7","12.5","4.9","-","-","-","-","-","-","-","-","-","-","BYE","-","-","-","-","11.7","35.1"
"Mo Alie-Cox","TE","IND","2.6","0.9","0.9","20.5","0.7","-","-","0","1.3","-","1.4","1.4","-1.4","BYE","0","0.2","0","6.4","2.5","34.9"
"Kyle Juszczyk","RB","SF","0","6.1","2.4","4.4","2.7","3.3","3.4","-","BYE","-","0.4","0.2","7.2","0.7","-","-","0.9","2.9","2.7","34.6"
"Rex Burkhead","RB","FA","7","0.9","3","9.9","2.8","-","1.9","0.2","1.5","3","-","0.5","-","0.2","1.7","0.7","1","0.1","2.3","34.4"
"Mark Ingram II","RB","FA","0.3","4.1","7.8","4.3","3.6","5.7","2.2","0.2","-","-","-","1","4.9","-","-","-","-","-","3.4","34.1"
"Tre'Quan Smith","WR","NO","-","-","10.5","1.8","1","10.3","5.9","0","2.9","0","-","0.8","-","BYE","-","-","-","0.6","3.4","33.8"
"Tommy Tremble","TE","CAR","0.1","-","0.7","3.4","0","-","8.9","1.7","5.1","0","0","0.2","BYE","0","2","1.8","9.3","0.2","2.2","33.4"
"Raheem Blackshear","RB","CAR","-","-","-","-","0","0","-0.5","0.1","11.3","3.2","1.4","-0.9","BYE","10.9","0","7.5","-0.1","0.1","2.5","33"
"Trey McBride","TE","ARI","-","-","-","2.4","-","0","0","0","-","0.7","1.4","0.1","BYE","2.8","5.5","1.7","13.8","4.1","2.7","32.5"
"Kendall Hinton","WR","DEN","-","2","2.7","3.9","-","0.8","1.4","-","BYE","6.2","5.7","4.8","1.1","3.8","-","-","0","-","2.9","32.4"
"Chosen Anderson","WR","FA","16.2","1.2","1.4","2.6","3.2","-","0","0","-0.4","-","-","1.7","-","5","0","-","1.3","-","2.7","32.2"
"Jordan Mason","RB","SF","0","0","0.7","-","0","-","-","-","BYE","-","1.4","2.5","5.1","5.6","6.4","0","7.3","2.8","2.7","31.8"
"Phillip Dorsett II","WR","LV","0","-","1.5","0","0","BYE","10.5","0.6","6.9","2.2","0","0.5","1.8","1.8","0","4.5","1.4","-","2.1","31.7"
"Ty Johnson","RB","NYJ","-","0.4","-","0","0","-","0.9","0.6","1.7","BYE","0.4","13.8","4.1","-","-","0.7","5.7","2.5","2.6","30.8"
"Harrison Bryant","TE","CLE","1.8","4.5","-","1.8","0","1.8","1.5","-","BYE","7.5","4.1","0.9","1.4","0.8","0.7","-","1.9","2","2.2","30.7"
"Sammy Watkins","WR","FA","1.8","9.3","-","-","-","-","3.6","0.3","0.9","4.7","0","-","-","-","-","4","-","5.9","3.4","30.5"
"Marlon Mack","RB","FA","-","0","-","0","-","-","-","-","-","-","-","1.2","0.9","13.7","12.3","2.2","0","-","3.8","30.3"
"Irv Smith Jr.","TE","CIN","0","9.6","3.2","2.3","4.2","6.7","-","2.8","-","BYE","-","-","-","-","-","-","-","1.4","3.8","30.2"
"Kylen Granson","TE","IND","2.2","1.4","0.7","6.2","1.6","3.8","0.6","1.1","0","5.7","1.6","-","1.9","BYE","3.4","-","-","-","2.3","30.2"
"DeeJay Dallas","RB","SEA","0","-1","3.8","0","1","0.1","4.1","0","0.4","0","BYE","1.5","3.7","-","-","4.2","9.8","2.6","2","30.2"
"Justice Hill","RB","BAL","1.1","1.6","6","5.7","-","-","0.6","2.8","1.9","BYE","3.8","0.3","0.6","0","1.8","0.4","0","3.4","2","30"
"Shane Zylstra","TE","DET","-","-","0","-","-","BYE","-","-","6.1","0","-","-","0.4","1.8","0.4","20.6","0.7","0","3.3","30"
"Jake Ferguson","TE","DAL","-","-","1.3","0.7","-","10","0.7","6.1","BYE","-","1.5","5.7","-0.1","-","-","2.4","0.7","0.4","2.7","29.4"
"Ameer Abdullah","RB","LV","0","2.3","0","0","0","BYE","0.7","2.8","0.8","3.3","0.5","11.5","0.4","1.7","1.4","2.7","-","1","1.8","29.1"
"J.D. McKissic","RB","FA","4.8","6.3","4","5.6","3.7","2","0.4","2","-","-","-","-","-","-","0","-","-","-","3.2","28.8"
"Dare Ogunbowale","RB","HOU","-","0","-","0","0","BYE","6.2","0","0","1.3","0.5","8","2.1","0.1","1.4","2.8","2.5","3.8","1.9","28.7"
"Wan'Dale Robinson","WR","NYG","0.5","-","-","-","-","9.7","5","1.5","BYE","1.5","10.4","-","-","-","-","-","-","-","4.8","28.6"
"Peyton Hendershot","TE","DAL","-","-","4.3","0","0","2.2","6.5","1.5","BYE","0","-0.2","6.2","0","-","8","-","0","-","2.4","28.5"
"Malik Davis","RB","DAL","-","-","-","-","-","-","-","4.1","BYE","3.8","3.5","-","8.9","-","-","-","6.2","1.9","4.7","28.4"
"KhaDarel Hodge","WR","FA","3.8","5.7","-","0","5.3","0","0","-","1.9","9.7","1.3","-","0","-","0","0","0.5","-","2.2","28.2"
"Dyami Brown","WR","WAS","-","-","0","0.6","22.5","0","-","-","0","1.5","-","1.7","-","BYE","1.5","-","-","0","3.1","27.8"
"Ashton Dulin","WR","IND","4.6","8.2","0.7","1.8","1.8","-","-","-","-","-","0","0","7.4","BYE","3","0","-","-","2.8","27.5"
"Travis Homer","RB","CHI","0.2","4.2","0.7","0","-","0","-","3.1","3.2","0","-","11.3","-","3.4","1","0","-","-","2.3","27.1"
"Velus Jones Jr.","WR","CHI","-","-","-","-2","6.9","-0.2","-","3.8","-","-","0","0.6","0.1","BYE","-1.7","5.2","1.3","13","2.5","27"
"Josh Oliver","TE","MIN","-","-","6.8","-","0","2.1","0","0.4","1.9","-","0.2","13.6","-","-","1.3","0.6","0","0","2.2","26.9"
"Adam Trautman","TE","NO","-","-","0.9","3.7","9.2","0.8","-","-","0.8","2.2","1.2","1.7","2.8","BYE","0","0","1.6","1.8","2.1","26.7"
"O.J. Howard","TE","LV","15.8","0.7","0","2.7","0","BYE","-","2.4","1.4","0","0.9","0","-","-","-","-","2.6","-","2.4","26.5"
"Javonte Williams","RB","DEN","8.8","8.5","6","2.7","-","-","-","-","BYE","-","-","-","-","-","-","-","-","-","6.5","26"
"Byron Pringle","WR","FA","2.2","0","1.1","-","-","-","-","-","-","1.2","0","7.2","-","-","9.9","3.4","0","0.5","2.6","25.5"
"Jonnu Smith","TE","ATL","3.3","0","2.5","-","-","6.1","0.4","1","2.1","-","4.5","-","0.6","0","2.4","2.1","-","-","2.1","25"
"Durham Smythe","TE","MIA","1.4","0.5","2.3","0","6.9","-","-","-","0","0","BYE","6.4","2.1","-","-0.2","0.8","0.9","3.9","1.9","25"
"Khalil Shakir","WR","BUF","-","0","-","2.3","13.5","1.4","BYE","0","-","0.6","-","-","1","0","-","2.5","-","2.8","2.4","24.1"
"Gary Brightwell","RB","NYG","0","1.4","-","0","6.5","0","-","0","BYE","0","0","4.9","0","4.1","0","-0.1","0.9","6.3","1.6","24"
"Jalen Nailor","WR","MIN","-","-","-","1.3","-","-","BYE","-","-","0","1.5","0","-","0","0","-","14.9","6.2","3","23.9"
"Connor Heyward","TE","PIT","0","0","-","-","1.2","4.9","0.6","0","BYE","0.9","0","0","7.7","1.3","0","2.1","0","5.1","1.6","23.8"
"Brandon Powell","WR","MIN","1.3","-2","2.7","1.1","0.1","4","BYE","0","0.4","0.7","1.5","0.6","8.4","0","0.7","1.5","0.9","1.7","1.4","23.6"
"Teagan Quitoriano","TE","HOU","-","-","-","-","-","BYE","-","-","6.2","-","0","2","0","-","6.8","0","-","8.3","3.3","23.3"
"Alec Ingold","RB","MIA","1","1.6","0","-","-","1.2","-","6.6","-","10.5","BYE","0","1.5","0","0.9","0","0","-","1.9","23.3"
"Amari Rodgers","WR","HOU","0","0","0","0","0","1.4","-0.6","2.2","0","-2","-","-","-","12","2.6","3.7","1.6","2.2","1.5","23.1"
"Austin Seibert","K","FA","5","11","7","-","-","-","-","-","-","-","-","-","-","-","-","-","-","-","7.7","23"
"Joshua Dobbs","QB","CLE","-","-","-","-","-","-","-","-","BYE","-","-","-","-","-","-","-","11.5","11.4","11.4","22.8"
"Malik Willis","QB","TEN","-","-0.2","-","-","-","BYE","-","2.4","7.2","-2.4","-","-","1.4","-","1.6","12.3","-","-","3.2","22.3"
"River Cracraft","WR","MIA","-","6.2","7.1","0","0","0","-","-","-","-","BYE","5.5","2.9","-","-","-","-","0.5","2.8","22.2"
"Brett Rypien","QB","FA","-","-","-","-","-","-","8.9","-","-","-","-","-","-","3.6","8.7","0.8","-","-","5.5","22"
"Craig Reynolds","RB","DET","-","2.9","1.8","4.2","9.2","BYE","3","0.7","0","-","-","-","-","-","-","-","-","-","3.1","21.8"
"Marquez Callaway","WR","DEN","-","-","6.4","5.3","0.5","3.6","2","1","2.4","-","0.6","-","0","-","-","-","-","0","2.2","21.8"
"Kyren Williams","RB","LAR","-","-","-","-","-","-","BYE","-","-","3.9","4.4","6","0.9","2.9","0.7","2.1","0.6","-","2.7","21.5"
"Skyy Moore","WR","KC","3","0","-2","3.1","1.5","2.4","-2","BYE","0","0.6","6.3","1.6","1.2","0.7","1.2","0.5","3.3","-","1.3","21.4"
"David Bell","WR","CLE","-","0.6","0.6","3.5","0.6","1.3","0.7","2.7","BYE","2.4","2.2","2.3","0","2.7","-","1.8","0","0","1.4","21.4"
"Sterling Shepard","WR","NYG","13.1","3.4","4.9","-","-","-","-","-","BYE","-","-","-","-","-","-","-","-","-","7.1","21.4"
"C.J. Ham","RB","MIN","0.6","-","1.5","0","-","0.3","BYE","0","-","6.3","-","-","0","0.9","6.5","0.5","-","4.7","1.9","21.3"
"Zach Pascal","WR","ARI","0.7","1.4","1.8","0","-","0","-","11.7","0.8","1","0.9","0","1.6","0.5","0","0.6","0","-","1.4","21"
"Davis Webb","QB","FA","-","-","-","-","-","-","-","-","-","-","-","-","-","-","-","-","-","20.8","20.8","20.8"
"Jody Fortson","TE","KC","6.1","0","0","7","-","-","0.8","BYE","-","-1.4","5.1","2.6","0.6","-","0","-","-","-","2.1","20.8"
"Eric Saubert","TE","MIA","0","8.2","0","2.5","3.6","-","0","0","-","1.2","1.6","-","0","0.2","0.5","0","3","-","1.5","20.8"
"Marcedes Lewis","TE","FA","-","-","-","-","6.2","-","-","-","1.9","-0.1","-","-","2","-","1.4","9.2","-","-","3.4","20.6"
"David Blough","QB","ARI","-","-","-","-","-","-","-","-","-","-","-","-","BYE","-","-","-","13.6","7","10.3","20.6"
"Skylar Thompson","QB","MIA","-","-","-","-","3.6","4.5","-","-","-","0.7","BYE","-1.3","-1","-","-","-","7.6","6.4","2.9","20.5"
"Pierre Strong Jr.","RB","NE","-","0","-","-","-","0.5","-","0","0","BYE","0","0","-","15","3.7","1","0","-","2","20.2"
"Keelan Cole Sr.","WR","LV","-","-","1.2","0","0","BYE","-","3","-","0","2.1","1.2","0","1.1","11","0","-","0.5","1.7","20.1"
"Matt Ammendola","K","FA","-","9","3","-","5","3","-","-","-","-","-","-","-","-","-","-","-","-","5","20"
"Johnny Mundt","TE","MIN","1.7","2.8","2.3","0","0.6","0.1","BYE","6.1","0.1","-","0.8","2","1.2","-","0.7","1.6","-","-","1.5","20"
"Kyle Allen","QB","BUF","-","-","-","-","-","-","BYE","-","-","0","-","11.8","8.1","-","-","-","-","-","6.6","19.9"
"Mitchell Wilcox","TE","FA","-","0.3","0.9","1.8","-","-","1.4","0.3","-","-","-","-","1.3","1","9.4","3.5","-","-","2.2","19.9"
"Eric Tomlinson","TE","FA","0","-","-","-","0","1.6","2.1","0","-","0","-","-","-","1.1","8.8","-","-","6.3","2.2","19.9"
"Mike Boone","RB","HOU","0.2","-","0","2.9","8.5","0.4","2.3","-","-","-","-","-","2.6","2.9","-","-","-","-","2.5","19.8"
"Ian Thomas","TE","CAR","5.3","1.3","1.3","0.6","0.8","2.2","0.3","0.2","-","-","2.4","2.1","BYE","1.1","0","1.2","0.9","-","1.4","19.7"
"Avery Williams","RB","ATL","-","0.6","0.9","2.1","8.1","0.8","0.4","0.7","0.2","2.5","-2","0","0","BYE","1","3","0","1.2","1.2","19.5"
"Scotty Miller","WR","ATL","-","4.2","0.4","-","3.5","0","0.6","1.3","5.3","2.5","-","-","0.7","0","-","0","-","0.8","1.6","19.3"
"Sam Howell","QB","WAS","-","-","-","-","-","-","-","-","-","-","-","-","-","BYE","-","-","-","19.3","19.3","19.3"
"Jonathan Williams","RB","WAS","0","-","0.6","4.8","0","-","-","-","-","-","-","2.2","0.1","BYE","-","4.1","3.3","4.1","2.1","19.2"
"Tevin Coleman","RB","FA","-","-","-","-","18.7","0.3","-","-","-","-","-","-","-","-","0","-","-","-","6.3","19"
"Donald Parham Jr.","TE","LAC","-","-","-","-","0","5.3","-","BYE","-","-","-","-","-","-","3.5","0.8","6.3","3.1","3.2","19"
"Rodrigo Blankenship","K","FA","9","-","-","-","-","-","10","0","-","-","-","-","-","-","-","-","-","-","6.3","19"
"Jalen Reagor","WR","MIN","0","2.4","0.2","0","6.1","0","BYE","0","0","0","1.4","2.5","4.6","0","-0.5","0","0","2.2","1.1","18.9"
"KJ Hamler","WR","DEN","0","-","0","5.5","1","4.4","1.8","6.1","BYE","-","-","-","-","-","-","-","-","-","2.7","18.8"
"Brandon Bolden","RB","LV","8.8","-","2.1","-0.1","3.4","BYE","0","-","1","-","0.4","-","-","0","0","0","3.2","0","1.6","18.8"
"Denzel Mims","WR","NYJ","-","-","-","-","-","-","0.4","7.6","1.2","BYE","3.5","1.1","0","3.5","1.3","-","0","-","2.1","18.6"
"Malcolm Brown","RB","FA","-","-","-","-","-","2.8","-","1","1.9","-","-","-","-","1.7","0","2.1","8.3","-","2.5","17.8"
"John Wolford","QB","LAR","-","-","-","-","-","-","BYE","-","-","9.8","-","-","8","-","-","-","-","-","8.9","17.8"
"Lawrence Cager","WR","NYG","0","-","-","-","-","-","-","0","BYE","6.9","2","2","-","-","-","-","-","6.9","3","17.8"
"N'Keal Harry","WR","FA","-","-","-","-","-","-","1.4","8.4","0.6","-","-","-","4.9","-","-","-","1.6","0.7","2.9","17.6"
"Bryce Perkins","QB","LAR","-","-","-","-","-","-","BYE","-","-","0.3","6.5","10.4","0.5","-","-","-0.2","-","-","3.5","17.4"
"Cameron Brate","TE","FA","0.7","0.9","5.2","3.2","-","1.4","-","-","-","0.8","-","1.5","-","1.2","2.5","-","-","-","1.9","17.4"
"Steven Sims Jr.","WR","HOU","-","-","-","-","0","-0.5","-","2","-","1.7","-0.3","0.9","1.9","3.1","2.9","0.7","3.4","1.6","1.5","17.4"
"James Mitchell","TE","DET","-","-","-","-","-","BYE","-","1.4","6.8","0.4","-","2.2","-","-","1.2","3.1","1.5","0.7","2.2","17.3"
"Darrel Williams","RB","FA","-","12.2","0.7","1.9","0.9","-","-","1.4","-","-","-","-","-","-","-","-","-","-","3.4","17.1"
"Corey Clement","RB","ARI","-","-","-","-","-","-","-","-","-","-","0","0.8","BYE","2.1","-","-","3.2","10.8","3.4","16.9"
"John Bates","TE","WAS","0","1.5","0","1.9","3.9","-","-","0.6","0.5","-","0","8.4","-","BYE","0","-","-","-","1.7","16.8"
"Benny Snell Jr.","RB","FA","0","-","-","0","-","-","0","-","-","0","-","12.8","3.5","0.4","-","0","-","0","1.9","16.7"
"Ross Dwelley","TE","SF","1.1","9.8","-","0","0","-","-","5.6","BYE","-","-","-","-","-","-","-","-","-","3.3","16.5"
"Jeff Driskel","QB","FA","0.5","1","-","-","-","-","-","-","-","-","-","-","-","9.1","1.1","2.2","1.1","1.2","2.3","16.2"
"Sony Michel","RB","FA","1.2","1.9","3.1","2.7","0","4.2","1.3","-","1.2","0.2","0.1","-","-","-","-","-","-","-","1.6","15.9"
"Albert Okwuegbunam","TE","DEN","3.3","0","1.2","-","0.5","-","-","-","BYE","-","-","-","-","-","-","-","10.5","0","2.6","15.5"
"DeSean Jackson","WR","FA","-","-","-","-","-","-","-","-","1.6","-","-","7.4","1","3.4","0","1","0.9","-","2.2","15.3"
"Ronald Jones II","RB","DAL","-","-","-","-","-","-","-","-","BYE","-","-","3.4","-","-","0.6","0.4","0.3","10.5","3","15.2"
"Derek Watt","RB","FA","-","0.2","-","-","0.1","0","0","6.6","-","0.5","-","0.5","0.7","-","0.2","0","0.3","6.1","1.3","15.2"
"Taylor Bertolet","K","FA","-","-","-","-","12","-","3","-","-","0","-","-","-","-","-","-","-","-","5","15"
"Hassan Haskins","RB","TEN","-","3.7","0","0","0","BYE","0.5","0","0.7","0","0","0","-","-","1.5","1.7","5.3","1.6","1.1","15"
"Anthony Schwartz","WR","CLE","3.9","-","-","-","0","0","-","-","BYE","0.3","0","10.8","-0.2","-","-","-","-","-","2.1","14.8"
"Cedrick Wilson Jr.","WR","MIA","2.8","0","-","-","2","-","0","0","2.3","0.7","BYE","2.6","0","1.9","2.1","0","0","-","1.1","14.4"
"Breshad Perriman","WR","FA","-0.7","10.5","2.4","-","-","0","-","1.1","0.1","-","-","0","-","-","-","-","-","0.9","1.8","14.3"
"Samori Toure","WR","GB","-","-","-","-","-","-","0.4","9.7","3.4","-","-","-","0.7","BYE","-","-","-","-","3.6","14.2"
"Jameson Williams","WR","DET","-","-","-","-","-","BYE","-","-","-","-","-","-","0","10.1","0","0","4","0","2.4","14.1"
"Kenny Golladay","WR","FA","2.2","-","0","0","-","-","-","-","-","0","2.9","-","-","-","-","-","-","9","2.4","14.1"
"Keaontay Ingram","RB","ARI","-","-","-","-","-","0.7","9.7","0","0.2","0.5","1.9","0.5","BYE","0.1","0","0.2","-","0.3","1.3","14.1"
"Tom Kennedy","WR","DET","-","-","-","5.4","0","BYE","1.4","-","1.6","4.4","1.3","0","-","-","-","-","-","-","2","14.1"
"Ko Kieft","TE","TB","-","0","0","1.9","0","0","1.8","0.9","0.6","-","BYE","6.5","1.2","1.1","0","0","0","-","1","14"
"Zander Horvath","RB","LAC","6.8","6.1","0","0","0.3","0","-","BYE","-","0.1","0.3","-","-","-","-","-","-","-","1.7","13.6"
"Reggie Gilliam","RB","BUF","-","7.7","2.2","-","-","1.8","BYE","-","-","-","0","0","-","-","-","1.2","0.7","0","1.7","13.6"
"Trace McSorley","QB","FA","2.5","-","-","-","-","-","-","-","-","-","2","-","-","-","2.6","5.1","-","1.5","2.7","13.6"
"Dan Arnold","TE","FA","-","0.8","-","2.6","2","-","2.4","0.8","1.9","0.8","-","-","0","0.5","-","1.7","0","-","1.2","13.5"
"Trey Lance","QB","SF","11","2.5","-","-","-","-","-","-","BYE","0","-","-","-","-","-","-","-","-","4.5","13.5"
"Jeff Smith","WR","NYJ","-","1.7","-","0","1.1","-","0","2.3","0.6","BYE","-","-","-","-","7.7","-","-","-","1.9","13.4"
"Zach Gentry","TE","PIT","4","-","-","0.2","4.3","0.4","0","0.3","BYE","0","0.8","-0.4","0.8","0","0.4","0.1","-","2.3","0.9","13.2"
"Salvon Ahmed","RB","MIA","-","-","-","-","-","-","-","0.2","0","1.1","BYE","-","-","0.1","10.3","-","0.8","0.7","1.9","13.2"
"Tanner Hudson","TE","CIN","-","2.2","-","1.8","-","-","0","5.8","-","2.4","-","1","-","-","-","-","-","-","2.2","13.2"
"Royce Freeman","RB","FA","-","-","-","-","-","-","-","-","-","-","-","0","-","-","5.6","3.8","3.9","-0.3","2.6","13"
"Brevin Jordan","TE","HOU","0.5","0.3","-","-","-","BYE","0","1.9","0.5","-","-","-","4.6","-","0.9","2.1","2","-","1.4","12.8"
"Nick Mullens","QB","MIN","-","-","-","-","-","-","BYE","-","-0.1","-","2.2","-","-","-","-","-","6.3","4.4","3.2","12.8"
"Chris Myarick","TE","NYG","6.1","0","0.6","-","0.4","-","2.1","1","BYE","0","-","2.3","0","0","-","-","-","-","1.3","12.5"
"Quintin Morris","TE","BUF","-","0.6","2.2","0","1.9","0","BYE","-","-","-","-","0.3","-","-","7.4","0","-","0","1.4","12.4"
"Tyrod Taylor","QB","NYG","-","0","-","2.4","-","-","-","-","BYE","-","-","-","-","9.9","-","-","-","-","4.1","12.3"
"Jack Stoll","TE","PHI","-","-","0.4","-","-","2.1","BYE","0","1.3","1.1","0.7","0","4.1","2","0.6","-","-","-","1.2","12.3"
"T.Y. Hilton","WR","FA","-","-","-","-","-","-","-","-","-","-","-","-","-","-","-","5.2","5","1.9","4","12.1"
"Geoff Swaim","TE","FA","1.9","-","7.9","-","0.5","-","0","-","-","0","0.3","0","0.4","0","-","-0.1","0.4","0.5","1","11.8"
"Pharaoh Brown","TE","IND","1.7","2.4","3.1","-","-","2.1","0","0","-","1.3","0","-","1.1","BYE","-","-","-","-","1.3","11.7"
"Jordan Love","QB","GB","2.6","-","-","-","-","0.3","-","-","-","-","-","8.5","-","BYE","-","-","0.3","-","2.9","11.7"
"Jalen Virgil","WR","DEN","-","-","-","-","-","-","-","-","BYE","12.6","-","-2","0","0.9","0","0","-","0","1.6","11.5"
"Josiah Deguara","TE","GB","2.8","-","-","0","1.9","0.9","-","0.9","4.1","-","-","-","0","BYE","-","0.4","0.4","-","1.3","11.4"
"Kevin Harris","RB","NE","-","-","-","-","-","0.5","-","-","-","BYE","-","-","-0.1","8.6","1.9","0.3","-","-","2.2","11.2"
"Trevor Siemian","QB","FA","-","-","-","-","-","-","-","0.2","-","-","-","11","-","-","-","-","-","-","5.6","11.2"
"Brycen Hopkins","TE","LAR","-","-","-","-","-","-","BYE","-","0","1.1","-","1.2","-","0.8","-","5.7","2.1","0","1.6","10.9"
"David Sills V","WR","NYG","-","3.7","2","0.5","1.2","0.8","1.9","0.5","BYE","-","-","-","-","-","-","-","-","-","1.5","10.6"
"John Brown","WR","FA","-","-","-","-","-","-","-","-","-","-","-","-","-","0","-","-","-","10.2","5.1","10.2"
"Snoop Conner","RB","JAC","-","-","-","-","-","-","-","-","-","-","BYE","1.1","0.6","-","0.3","0.5","7.7","-","2","10.2"
"Giovanni Ricci","TE","CAR","0","1.6","1.5","0","2.7","-","0","0","0.8","0.2","-","-","BYE","-","-","-","3.2","0","0.9","10"
"Caleb Shudak","K","TEN","-","-","-","-","-","BYE","-","-","-","-","-","10","-","-","-","-","-","-","10","10"
"Tristan Vizcaino","K","DAL","-","-","-","-","-","-","-","-","BYE","10","-","-","0","-","-","0","-","-","3.3","10"
"Anthony Firkser","TE","FA","0.6","-","2.2","-","1.1","-","-","-","-","-","-","1.6","2.4","-","0","1","-","1.1","1.3","10"
"Tyrion Davis-Price","RB","SF","-","3.3","-","-","-","-","0.4","-","BYE","-","-","-","-","-","-","3","0.5","2.7","2","9.9"
"Marcus Johnson","WR","FA","-","-","-","-","3.5","2.5","0","0.3","-","-","-","-","0","-","0","0","-","3.6","1.2","9.9"
"Chris Evans","RB","CIN","-","-","0.4","0","0","0","0","2.6","0","BYE","-","0","6.8","-","0","-","-","-","1","9.8"
"Darrynton Evans","RB","IND","-","-","-","-","-","-","-","-","-","-","-","6.7","2.1","BYE","0.9","-","-","-","3.2","9.7"
"Dax Milne","WR","WAS","0","0.6","1.2","0","0","0.5","0.4","0.4","6.6","0","0","-","-","BYE","0","0","0","0","0.6","9.7"
"Kene Nwangwu","RB","MIN","0","0","0","0","0","0","BYE","0","0","0","0.6","6","-","-","0","-","0","2.9","0.7","9.5"
"Nathan Peterman","QB","CHI","-","-","-","-","-","-","-","-","-","-","-","-","-","BYE","0","0","-","9.3","3.1","9.3"
"Patrick Ricard","RB","BAL","0.7","0.5","1.2","2","-","0","2","0","0.6","BYE","0.4","1.4","0","0.2","0","-","-","-","0.7","9"
"Armani Rogers","TE","WAS","2.3","-","0","-","0","0","2.8","1.3","2.4","0","-","-","-","BYE","-","-","-","0.2","1","9"
"Chris Streveler","QB","NYJ","-","-","-","-","-","-","-","-","-","BYE","-","-","-","-","-","9","-","-","9","9"
"Michael Bandy","WR","FA","-","-","-","4.9","-","0.4","-0.5","-","2.6","0","0","0","1.5","-","-","-","-","-","1.1","8.9"
"Parker Hesse","TE","ATL","0.5","0.5","0","2.2","0.9","-","-","0.9","-","0","-","0.9","1.6","BYE","0","0.8","-","0.6","0.7","8.9"
"Cam Sims","WR","LV","0","0","-","-","0.7","0.6","1.2","2.1","1.2","0","1.7","-","-0.2","-","-","0","1.6","0","0.7","8.9"
"Phillip Lindsay","RB","FA","-","-","-","-","5.4","3.2","-","-","0.2","-","-","-","-","-","-","-","-","-","2.9","8.8"
"Kyle Rudolph","TE","FA","-","-","1.2","-","0","-","0.8","0","-","-","-","-","-","-","-","-","-","6.8","1.8","8.8"
"Jordan Wilkins","RB","FA","-","-","-","-","-","-","-","-","2.8","1.8","-","-","-","-","-","0.4","3.7","-","2.2","8.7"
"Chase Daniel","QB","FA","-","-","-","-","-","-","-","-","-","0","-","-","-","-","-","-","1.1","7.4","2.8","8.5"
"Tyler Badie","RB","DEN","-","-","-","-","-","-","-","-","BYE","-","-","-","-","-","-","-","-","8.4","8.4","8.4"
"Brandon Johnson","WR","DEN","-","-","-","-","-","-","-","-","BYE","-","0.2","7","-","0","3","-","-","-2","1.6","8.2"
"Grant Calcaterra","TE","PHI","-","-","4","-","-","-","BYE","-","-","-","0","-0.2","1.9","2.4","0","-","-","-","1.4","8.1"
"Blake Bell","TE","KC","-","-","-","-","-","-","-","BYE","-","-","-","-","-","-","-","-","7.7","0.3","4","8"
"Jaret Patterson","RB","FA","-","-","-","-","-","-","-","-","-","-","-","-","-","-","-","-","0","7.8","3.9","7.8"
"Anthony Brown","QB","BAL","-","-","-","-","-","-","-","-","-","BYE","-","-","-","0.1","-","-","-","7.4","3.8","7.6"
"Freddie Swain","WR","MIA","-","-","-","-","-","-","-","-","-","-","BYE","-","-","-","0.9","1.1","-","5.4","2.5","7.4"
"Kevin White","WR","FA","-","-","-","-","-","0","6.4","0","1","0","-","0","-","-","-","-","-","-","1.2","7.4"
"Ty Montgomery","RB","NE","7.3","-","-","-","-","-","-","-","-","BYE","-","-","-","-","-","-","-","-","7.3","7.3"
"Ke'Shawn Vaughn","RB","TB","-","-","-","0","-","0","-","-","0.4","1.3","BYE","1.5","-","-","0","0.6","0","3.4","0.8","7.2"
"Gunner Olszewski","WR","PIT","0","-0.2","0","0","-","0","0","0","BYE","0.4","3.9","0.9","0.2","0.7","0.3","-","0.6","0.4","0.5","7.2"
"Tre' McKitty","TE","LAC","2.4","-","0","0.4","0","0","0","BYE","-","2.1","-","0","0.8","0.5","-","1","0","0","0.6","7.2"
"Zamir White","RB","LV","-","0.2","-","2.4","-0.7","BYE","0.2","-","-0.1","-0.1","-","2.8","0.6","0.9","0.4","-","-","0.4","0.6","7"
"Nick Sciba","K","FA","-","-","-","-","-","-","-","7","-","-","-","-","-","-","-","-","-","-","7","7"
"Andrew Beck","TE","HOU","5.2","-0.1","-","0","0","0.7","0","-","-","-","-","-","-","-","0.1","-","1","0","0.8","6.9"
"Dee Eskridge","WR","SEA","0","0.6","-","1.6","0","3.9","0.4","0.3","0","0","BYE","-","-","-","-","-","-","-","0.8","6.8"
"Tyler Mabry","TE","SEA","-","-","-","-","-","-","-","-","-","-","BYE","-","-","-","-","-","6.7","-","6.7","6.7"
"Jalen Guyton","WR","FA","0","-","6.4","-","-","-","-","-","-","-","-","-","-","-","-","-","-","-","3.2","6.4"
"Jake Kumerow","WR","FA","-","5","1.4","-","-","-","-","0","0","0","-","-","-","-","-","-","-","-","1.3","6.4"
"Trayveon Williams","RB","CIN","-","-","-","-","-","-","-","0","-","BYE","0.7","4.2","0.3","0.8","0","0","0","0","0.7","6"
"Jamison Crowder","WR","NYG","2.8","1.6","0.9","0.7","-","-","-","-","BYE","-","-","-","-","-","-","-","-","-","1.5","6"
"Dominik Eberle","K","FA","-","-","-","6","-","-","-","-","-","-","-","-","-","-","-","-","-","-","6","6"
"Mike Strachan","WR","IND","3.6","2.3","-","0","-","0","-","-","-","-","-","-","-","BYE","0","-","0","-","1","5.9"
"Deven Thompkins","WR","TB","-","-","-","-","-","-","-","-","-","-","BYE","-","-","0","1.6","0","0","4.2","1.2","5.8"
"Mike Thomas","WR","BAL","2.5","-","-","-","3.3","-","-","0","0","BYE","0","-","-","-","-","-","-","-","1.2","5.8"
"Nick Foles","QB","IND","-","-","-","-","-","-","-","-","-","-","-","-","-","BYE","-","2.7","3","-","2.9","5.8"
"Tyler Kroft","TE","FA","0.9","-","-","-","-","-","-","0.6","-","-","-","-","1.4","0","2.8","0","-","-","1","5.7"
"Trent Taylor","WR","CIN","0","0","0","0","0","-2","0","0.5","3.2","BYE","0.1","0.8","-0.3","3.4","0","0","-","0","0.4","5.7"
"Nick Vannett","TE","NYG","-","-","0.5","-","-","-","-","0.8","BYE","-","-","-","0","0.9","1.5","0","-","1.8","0.8","5.5"
"Tony Jones Jr.","RB","DEN","-","2","-","-","-","-","-","-","BYE","-","-","-","3.2","0.2","-","-","-","-","1.8","5.4"
"Isaiah Spiller","RB","LAC","-","-","-","-","-","-","-0.5","BYE","2.9","0.3","2.2","0.5","-","-","-","-","-","-","1.1","5.4"
"Myles Gaskin","RB","MIA","-","-","-","-","3.3","-","-","-","-","-","BYE","2.1","-","-","-","-","-","-","2.7","5.4"
"Cody Hollister","WR","TEN","2.2","-","-","-","0","BYE","3.2","0","0","-","-","0","-","-","-","-","-","-","0.9","5.4"
"Spencer Brown","RB","CAR","-","-","-","-","-","-","-","2.7","2.6","-","-","-","BYE","-","-","-","-","-","2.7","5.3"
"Julius Chestnut","RB","TEN","-","-","-","-","-","BYE","-","-","-","-","-","-","1.3","0.8","0","0","3.2","0","0.9","5.3"
"James Proche II","WR","BAL","0","-","-","-","0.7","-","0","2.4","2.2","BYE","0","0","-0.1","-","0","0","0","0","0.4","5.2"
"Blaine Gabbert","QB","FA","-","-","-","-","-","-","-","-","-","-","-","-","-","-","-","-","-","5.2","5.2","5.2"
"David Johnson","RB","FA","-","-","-","-","-","-","-","-","-","-","0.7","-","-","-","-0.8","2.4","-","2.8","1.3","5.1"
"Ronnie Rivers","RB","LAR","-","-","-","-","-","1.4","BYE","3.6","-","-","-","-","-","-","-","-","-","-","2.5","5"
"Charlie Kolar","TE","BAL","-","-","-","-","-","-","-","-","-","BYE","-","-","-","-","-","-","-","4.9","4.9","4.9"
"Patrick Taylor Jr.","RB","GB","-","-","-","0","-","-","-","0","-","-","0","-","0.6","BYE","1.5","1.7","1","-","0.7","4.8"
"Chris Conley","WR","TEN","0","-","-","-","-","BYE","-","-","0","-","-","-","-","2.7","1.9","-","-","-","1.2","4.6"
"Trevon Wesco","TE","TEN","-","-","-","2.3","-","BYE","-","0","2","0","-","0.3","-","-","-","-","0","-","0.8","4.6"
"Stephen Sullivan","TE","CAR","-","1.3","-","0","-","0","-","3.3","-","-","-","-","BYE","0","0","0","0","-","0.6","4.6"
"Andre Baccellia","WR","ARI","-","1.2","1.3","-","-","-","-","-","-","-","-","0.7","BYE","-","-","-","0.7","0.6","0.9","4.5"
"Dwayne Washington","RB","NO","-","1.8","0","-","0","-","0","1.3","1.4","-","-","0","-","BYE","-","-","-","-","0.6","4.5"
"Racey McMath","WR","TEN","-","-","-","-","-","BYE","-","-","-","-","-","-","-","0","0.1","-","3.9","0.4","1.1","4.4"
"Chris Manhertz","TE","DEN","-","-","-","0","1.5","0","0","-0.1","0.7","-","-","-","0","2.1","-","-","-","-","0.5","4.2"
"Laquon Treadwell","WR","SEA","-","-","-","-","-","-","-","-","-","-","BYE","-","0.1","-","-","2.6","1.5","-","1.4","4.2"
"Trestan Ebner","RB","CHI","0","0","2.3","0.8","-","-","0.8","-0.5","-","-","0.8","-","0","BYE","0","-","0","0","0.4","4.2"
"Anthony McFarland Jr.","RB","PIT","-","-","-","-","-","-","-","-","BYE","-","-","4.1","-","-","-","-","-","-","4.1","4.1"
"Michael Woods II","WR","CLE","-","-","-","-","-","1.5","-","0.6","BYE","0","-","-","0","-","-0.1","0.5","0","1.5","0.5","4"
"Luke Farrell","TE","JAC","-","-","-","-","-","1.1","-","-","1.5","-","BYE","-","0.3","-","-","-","-","1.1","1","4"
"Kyle Philips","WR","TEN","4.6","-1.5","-","0","0.7","BYE","-","-","-","-","-","-","-","-","-","-","-","-","1","3.8"
"Cole Beasley","WR","BUF","-","-","1.2","0.5","-","-","BYE","-","-","-","-","-","-","-","0.9","0.9","0","-","0.7","3.5"
"Kendall Blanton","TE","KC","-","-","2.8","0.7","-","-","-","BYE","-","-","-","-","-","-","-","-","-","-","1.8","3.5"
"Larry Rountree III","RB","LAC","-","-","-","-","-","-","-","BYE","-","0","-","-","-","-","-","-","2.8","0.5","1.1","3.3"
"Tylan Wallace","WR","BAL","0","0.9","-","-","0.8","0.4","-","-","-","BYE","0","-","-","-","-","-","-","1.2","0.6","3.3"
"Jonathan Ward","RB","TEN","0","-","-","-","-","BYE","-","-","-","-","-","-","-","-","-","0","3","0.2","0.8","3.2"
"Josh Lambo","K","FA","-","-","-","-","-","-","-","-","-","-","3","-","-","-","-","-","-","-","3","3"
"Tim Jones","WR","JAC","-","-","0","0","-","2","0.7","-","-","-","BYE","0","0.3","-","-","0","-","-","0.4","3"
"Jaelon Darden","WR","CLE","0.2","0","2.5","0","0","0","0.1","0","0","0","-","0","0","-","-","-","0","0","0.2","2.8"
"Tyrie Cleveland","WR","PHI","0","2.8","-","-","0","0","BYE","-","-","0","-","-","-","-","-","-","-","-","0.6","2.8"
"Giovani Bernard","RB","FA","-","0","-","-","-","-","-","-","-","-","-","-","-","-","0","0","-","2.7","0.7","2.7"
"Ryan Griffin","TE","FA","0","1.8","-","-","0.1","0","0.5","-","-","0","0","-","-","-","0","0.2","0","-","0.3","2.6"
"Ben Ellefson","TE","MIN","0.2","-","2.4","-","-","-","BYE","-","-","-","-","-","-","-","-","-","-","-","1.3","2.6"
"DJ Turner","WR","LV","-","-","-","-","-","BYE","2","0","0","0","0","-","-","0.6","-","-","-","-","0.4","2.6"
"Tyler Davis","TE","GB","0.3","0","2.6","0","-0.3","-","0","-","-","-","-","0","-","BYE","0","0","0","0","0.2","2.6"
"Daylen Baldwin","WR","CLE","-","-","-","-","-","-","-","-","BYE","-","-","-","-","-","2.5","-","-","-","2.5","2.5"
"Dezmon Patmon","WR","BUF","-","2.4","-","-","-","-","BYE","-","-","-","-","-","-","-","-","-","-","-","2.4","2.4"
"D'Ernest Johnson","RB","JAC","0","-","-","0","-","0.9","0","1.7","-","-0.2","0","-","-","-","0","0","0","-","0.2","2.4"
"Simi Fehoko","WR","DAL","1.2","0","1.2","-","-","-","-","-","BYE","-","-","-","-","-","-","-","-","-","0.8","2.4"
"Dareke Young","WR","SEA","-","-","-","-","-","-","-","0","0","-","BYE","-","0","-","0","0","0","2.4","0.3","2.4"
"Cole Turner","TE","WAS","-","-","-","-","0","2.3","0","-","-","-","0","0","0","BYE","-","0","-","-","0.3","2.3"
"Andy Isabella","WR","BAL","1","-","1.1","-","-","-","-","-","-","BYE","-","-","-","-","-","0","0.1","-","0.6","2.2"
"Mike Davis","RB","FA","1.1","0.4","-","-","0.3","-","-","-","0.7","-","-0.3","-","-","-","-","-","-","-","0.4","2.2"
"Pharoh Cooper","WR","ARI","-","-","-","-","-","-","-","-","-","-","-","0","BYE","0","-","0","0.8","1.3","0.4","2.1"
"Cade Johnson","WR","SEA","-","-","-","-","-","-","-","-","-","-","BYE","-","-","-","-","-","0","2.1","1.1","2.1"
"Penny Hart","WR","SEA","-","-","1.5","-","-","-","-","-","-","-","BYE","-","-","-","0.3","0.2","-","-","0.7","2"
"Ty Chandler","RB","MIN","-","-","-","-","0","-","BYE","-","-","-","-","-","-","-","-","-","-","2","1","2"
"Lil'Jordan Humphrey","WR","DEN","-","1.1","0","0.9","0","-","-","-","BYE","-","-","-","-","-","-","-","-","-","0.5","2"
"Danny Gray","WR","SF","-","0","-","-","0","-","0","-","BYE","-","-","-","-","1","0","0","0.9","-","0.3","1.9"
"Trey Sermon","RB","PHI","-","-","-","1.9","-","-","BYE","-","-","-","-","-","-","-","-","-","-","-","1.9","1.9"
"Jesper Horsted","TE","LV","-","-","0","-","1.9","BYE","-","0","-","-","0","0","-","-","-","-","-","-","0.4","1.9"
"Maxx Williams","TE","FA","-","-","-","-","-","-","-","-","-","-","0.7","-","-","-","1.1","0","-","-","0.6","1.8"
"Adam Prentice","RB","NO","-","0.2","-","-","-","-","-","-","-","-","-","0","0.2","BYE","0.3","0.5","0.6","-","0.3","1.8"
"Michael Burton","RB","DEN","0","0.8","0.2","-","-","0","0","-","0.9","-0.1","0","-","0","0","0","-","0","-","0.2","1.8"
"Keith Kirkwood","WR","NO","-","-","-","-","0.4","1.4","-","-","-","-","-","-","-","BYE","-","0","-","-","0.6","1.8"
"Juwann Winfree","WR","FA","1.7","-","0","-","-","0","-","-","-","-","-","-","-","-","-","-","-","-","0.6","1.7"
"J.J. Taylor","RB","NE","-","-","-","-","-","-","-","-","1.7","BYE","-","-","-","-","-","-","-","-","1.7","1.7"
"Stone Smartt","TE","LAC","-","-","-","-","-","-","-","BYE","-","-","0.6","-","0.3","0.8","-","-","-","-","0.6","1.7"
"Dennis Houston","WR","DAL","1.6","0","-","-","-","-","-","-","BYE","-","-","-","-","-","-","-","-","-","0.8","1.6"
"Bryan Edwards","WR","NO","0","0.2","-","-","1","-","-","0.3","-","-","-","-","-","BYE","-","-","-","-","0.4","1.5"
"Quintez Cephus","WR","DET","-","0","0","1.5","-","BYE","-","-","-","-","-","-","-","-","-","-","-","-","0.5","1.5"
"Frank Darby","WR","ATL","-","-","-","-","-","-","-","-","-","-","-","-","-","BYE","-","-","-","1.5","1.5","1.5"
"Brian Hoyer","QB","LV","-","-","-","1.5","-","BYE","-","-","-","-","-","-","-","-","-","-","-","-","1.5","1.5"
"Nsimba Webster","WR","CHI","-","-","-","-","-","-","-","-","-","-","-","-","-","BYE","1.4","-","-","-","1.4","1.4"
"Jacob Eason","QB","CAR","-","-","-","-","-","1.4","-","-","-","-","-","-","BYE","-","-","-","-","-","1.4","1.4"
"Austin Trammell","WR","LAR","-","-","-","-","-","-","BYE","-","-","-","-","-","0.8","0.5","-","-","-","-","0.7","1.3"
"Jerome Ford","RB","CLE","0","0","0","0","-","-","-","-","BYE","0","0","0","0.3","0","0","0","0.9","0","0.1","1.2"
"Jalen Tolbert","WR","DAL","-","-","0.4","-","-","-","-","-","BYE","0","0.8","-","-","-","-","-","-","-","0.4","1.2"
"Montrell Washington","WR","DEN","0","1.9","0","0.4","0.9","-2","0.2","0.1","BYE","0","0","-0.2","-0.1","0","0","0","-","-","0.1","1.2"
"Sean McKeon","TE","DAL","-","-","-","-","-","1","-","-","BYE","0.1","-","-","0","-","-","-","-","-","0.4","1.1"
"Miles Boykin","WR","FA","0","0","0","-","1.1","0","-","0","-","-","-","-","-","0","0","-","0","0","0.1","1.1"
"Jakob Johnson","RB","LV","0.1","-","0","-","0.5","BYE","0","-","0","0","0","0","-","0.1","0","-","-","0.3","0.1","1"
"Keith Smith","RB","ATL","-","-","-","0","0","1","-","0","0","0","-","-","0","BYE","-","0","0","0","0.1","1"
"Kyle Trask","QB","TB","-","-","-","-","-","-","-","-","-","-","BYE","-","-","-","-","-","-","0.9","0.9","0.9"
"Damarea Crockett","RB","DEN","-","-","-","-","-","-","-","-","BYE","0.9","-","-","-","-","-","-","-","-","0.9","0.9"
"Stephen Anderson","TE","FA","0","0.2","0","0","-","-","0","-","-","0","0","-","-","0.7","-","0","-","-","0.1","0.9"
"Tyron Johnson","WR","SF","-","-","-","0","-","-","-","-","0.8","-","-","-","-","-","-","-","-","-","0.4","0.8"
"Jeremy Ruckert","TE","NYJ","-","0","-","-","-","-","-","-","-","BYE","-","-","-","-","-","-","-","0.8","0.4","0.8"
"Reggie Bonnafon","RB","FA","-","-","-","-","-","-","-","-","-","-","-","-","-","-","-","-","-","0.8","0.8","0.8"
"Brandon Allen","QB","FA","-","-","-","-","-","-","-","-","0.8","-","-","-","-","-","-","-","-","-","0.8","0.8"
"Jalen Camp","WR","HOU","-","-","-","-","-","BYE","-","-","0.7","-","-","-","-","-","-","-","-","-","0.7","0.7"
"Devine Ozigbo","RB","FA","-","-","-","-","0.2","-","-","-","-","-","-","0.3","-","-","0.2","-","-","-","0.2","0.7"
"Maurice Alexander","WR","DET","-","-","-","0","0","BYE","-","0.7","-","-","-","-","-","-","-","-","-","-","0.2","0.7"
"Kylin Hill","RB","FA","-","-","-","-","-","-","-","-","0.7","-","-","-","-","-","-","-","-","-","0.7","0.7"
"Tommy Sweeney","TE","NYG","-","-","-","-","-","0.7","-","-","BYE","-","-","-","0","-","-","-","-","-","0.4","0.7"
"Godwin Igwebuike","RB","SEA","-","-","-","-","-","-","-","-","-","-","BYE","-","-","0","0","0","0.7","0","0.1","0.7"
"Josh Johnson","QB","FA","-","-","-","-","-","-","-","-","-","-","-","-","-","0.7","-","-","-","-","0.7","0.7"
"C.J. Board","WR","TEN","-","-","-","-","-","BYE","-","-","-","0","0","0","0.6","-","-","-","-","-","0.2","0.6"
"Jacob Harris","TE","LAR","-","-","0","-","-","-","BYE","-","-","-","0","0.6","-","-","-","-","-","-","0.2","0.6"
"Mason Schreck","TE","HOU","-","-","-","0","0.6","BYE","-","-","-","-","-","-","-","-","-","-","-","-","0.3","0.6"
"Jason Moore Jr.","WR","FA","-","-","-","-","-","-","0.5","-","-","-","-","-","-","-","-","-","-","-","0.5","0.5"
"Devin Asiasi","TE","CIN","-","-","-","0","-","0","-","-","0","BYE","0","-","-","-","-","0.5","-","-","0.1","0.5"
"Ty'Son Williams","RB","ARI","-","-","-","-","-","-","-","-","-","-","-","-","BYE","-","-","-","-","0.5","0.5","0.5"
"Richard Rodgers","TE","FA","0","-","-","-","-","-","-","-","0","0.4","-","-","-","-","-","-","-","-","0.1","0.4"
"Duke Johnson Jr.","RB","FA","-","-","-","-","-","-","-","-","-","0.4","-","-","-","-","-","-","-","-","0.4","0.4"
"Demetric Felton Jr.","RB","CLE","0","-0.1","-","-","-","-","-","0","BYE","-","-","-","0","0","0.5","-","-","-","0.1","0.4"
"Case Keenum","QB","HOU","-","0.2","-","-","0.1","BYE","-","-","-","-","-","-","-","-","-","-","-","-","0.2","0.3"
"Mason Kinsey","WR","TEN","-","-","-","-","-","BYE","0.3","-","-","-","-","-","-","-","0","-","-","-","0.2","0.3"
"Erik Ezukanma","WR","MIA","-","-","-","-","-","-","-","-","-","-","BYE","-","-","-","-","-","-","0.3","0.3","0.3"
"Cody White","WR","PIT","-","-","-","-","-","-","-","-","BYE","-","-","0.2","-","-","-","-","-","-","0.2","0.2"
"Damien Williams","RB","FA","0.2","-","-","-","-","-","-","-","-","-","-","-","-","-","-","-","-","-","0.2","0.2"
"Jordan Howard","RB","FA","-","-","-","-","-","-","-","-","-","0.1","-","-","-","-","-","-","-","-","0.1","0.1"
"Alex Erickson","WR","WAS","-","-","-","-","-","-","-","-","-","-","-","0","0","BYE","-","-","-","-","0","0"
"Qadree Ollison","RB","JAC","0","-","-","-","-","-","-","-","-","0","BYE","-","-","-","-","-","0","-","0","0"
"Matt Corral","QB","CAR","0","-","-","-","-","-","-","-","-","-","-","-","BYE","0","-","-","-","-","0","0"
"Tay Martin","WR","SF","-","-","-","-","-","-","-","-","BYE","-","-","-","-","-","-","-","0","-","0","0"
"Kirk Merritt","WR","NO","-","-","-","-","-","-","-","-","-","-","-","-","-","BYE","-","-","0","-","0","0"
"Nikola Kalinic","TE","IND","-","-","-","-","-","-","-","-","-","-","-","-","-","BYE","-","-","0","-","0","0"
"Trenton Cannon","RB","FA","0","-","-","-","-","-","-","-","-","-","-","-","-","-","-","-","0","-","0","0"
"Jashaun Corbin","RB","NYG","-","-","-","-","-","-","-","-","BYE","-","-","0","-","-","-","-","-","0","0","0"
"Davis Cheek","QB","FA","-","-","-","-","-","-","-","-","-","-","-","-","-","-","0","-","-","-","0","0"
"Emeka Emezie","WR","FA","-","-","-","-","-","-","-","-","-","-","-","-","-","-","0","-","-","-","0","0"
"Alex Bachman","WR","HOU","-","-","-","-","-","BYE","-","-","-","-","-","0","-","-","-","-","-","-","0","0"
"Rico Dowdle","RB","DAL","0","0","-","-","-","-","-","-","BYE","-","-","-","-","-","-","-","-","-","0","0"
"James Washington","WR","FA","-","-","-","-","-","-","-","-","-","-","-","-","-","0","-","-","-","-","0","0"
"Jermar Jefferson","RB","DET","0","-","-","-","-","BYE","-","-","-","-","-","-","-","-","-","-","-","-","0","0"
"Nick Boyle","TE","FA","-","-","-","-","-","-","-","-","-","-","-","0","0","-","-","0","-","-","0","0"
"Chris Pierce Jr.","TE","ARI","-","-","-","-","-","-","-","-","-","-","-","0","BYE","-","-","-","-","-","0","0"
"Bryant Koback","RB","FA","-","-","-","-","-","-","-","-","-","-","-","-","0","-","-","-","0","-","0","0"
"Lance McCutcheon","WR","LAR","-","-","-","-","-","-","BYE","-","-","-","-","0","-","0","-","0","0","-","0","0"
"Noah Togiai","TE","ARI","0","-","-","-","-","-","-","-","-","-","-","-","BYE","-","-","-","-","-","0","0"
"La'Mical Perine","RB","KC","-","-","-","-","-","-","-","BYE","0","-","-","-","-","-","-","-","-","-","0","0"
"Matt Barkley","QB","BUF","-","-","-","-","-","-","BYE","-","-","-","-","0","-","-","-","-","-","-","0","0"
"Feleipe Franks","QB","ATL","-","-","-","-","0","-","0","0","-","-","-","-","0","BYE","0","-","-","-","0","0"
"Kenny Yeboah","TE","NYJ","-","0","-","-","-","-","-","-","-","BYE","-","-","-","0","-","0","-","-","0","0"
"Tanner Conner","WR","MIA","-","-","-","-","0","0","-","-","-","-","BYE","-","-","-","-","-","-","-","0","0"
"Josh Gordon","WR","FA","-","0","-","-","-","-","-","-","-","-","-","-","-","-","-","-","-","-","0","0"
"Dan Chisena","WR","PIT","-","-","-","-","0","-","-","-","0","-","-","-","-","-","-","-","-","-","0","0"
"Keke Coutee","WR","FA","-","0","-","-","-","0","-","0","0","0","0","-","-","-","-","-","-","0","0","0"
"Tanner Gentry","WR","FA","-","-","-","-","0","-","-","-","-","-","-","-","-","-","-","-","-","-","0","0"
"Kevin Rader","TE","TEN","-","-","-","-","0","BYE","0","-","-","0","-","-","0","0","0","-","-","-","0","0"
"Cullen Gillaspia","RB","FA","-","-","-","-","0","0","-","0","0","-","-","-","-","-","-","-","-","-","0","0"
"Raleigh Webb","WR","NE","-","0","-","-","-","-","-","-","-","BYE","-","-","-","0","0","-","-","-","0","0"
"C.J. Beathard","QB","JAC","-","-","-0.1","-","-","-","-","-","-","-","BYE","-","0.2","-","-","-0.3","0.2","-","0","0"
"Khari Blasingame","RB","CHI","-","-","0","-","-","0","-","-","-","-","-","0","-","BYE","0","0","-","-","0","0"
"Quinn Nordin","K","FA","-","-","-","-","0","-","-","-","-","-","0","-","0","-","-","-","-","-","0","0"
"Brandin Bryant","RB","BUF","-","0","-","0","-","-","BYE","-","-","-","-","-","-","-","-","-","-","-","0","0"
"Hunter Long","TE","LAR","-","-","0","-","-","0","BYE","0","-","-","-","-","-","-","-","-","-","-","0","0"
"Miller Forristall","TE","NO","-","-","0","-","-","-","-","-","-","-","-","-","-","BYE","-","-","-","-","0","0"
"Austin Allen","TE","GB","-","-","0","0","-","-","-","-","-","-","-","-","-","BYE","-","-","-","-","0","0"
"Jake Tonges","TE","CHI","-","-","0","-","-","-","-","-","-","-","-","-","-","BYE","-","-","-","-","0","0"
"Malik Turner","WR","IND","-","-","-","0","0","-","-","-","-","-","-","-","-","BYE","-","-","-","-","0","0"
"Cody Thompson","WR","SEA","-","-","0","-","-","-","-","-","-","-","BYE","-","-","-","-","-","-","-","0","0"
"Matthew Slater","WR","NE","-","-","-","0","-","-","-","-","0","BYE","0","-","0","0","-","0","0","0","0","0"
"Charlie Woerner","TE","SF","-","-","-","0","0","0","-","-","BYE","-","-","0","-","0","-","-","-","-","0","0"
"J.P. Holtz","TE","FA","-","-","-","0","-","-","-","-","-","-","-","-","-","-","-","-","-","-","0","0"
"Jake Funk","RB","IND","-","-","-","0","-","-","-","-","-","-","-","-","-","BYE","-","-","-","-","0","0"
"Kenjon Barner","RB","FA","-","-","-","0","-","-","-","-","-","-","-","-","-","-","-","-","-","-","0","0"
"Tyree Jackson","TE","PHI","-","-","-","-","-","-","BYE","-","-","-","0","-","-","-","0","-","-","-","0","0"
"John Lovett","RB","FA","-","-","-","-","-","0","-","-","-","-","-","-","-","-","-","-","-","-","0","0"
"James Winchester","TE","KC","-","-","-","-","-","-","0","BYE","0","-","-","-","-","-","-","-","-","0","0","0"
"Binjimen Victor","WR","FA","-","-","-","-","-","-","-","-","0","-","-","-","-","-","-","-","-","-","0","0"
"Brittain Brown","RB","LV","-","-","-","-","-","BYE","-","-","-","-","0","-","-","-","-","-","-","-","0","0"
"Ben Mason","RB","BAL","-","-","-","-","-","-","-","-","-","BYE","0","-","-","-","-","-","-","-","0","0"
"Andre Roberts","WR","FA","0","-","-","-","-","-","-","-","-","-","-","-","-","-","-","-","0","0","0","0"
"Stanley Berryhill III","WR","DET","-","-","-","-","-","BYE","-","-","-","0","-","-","-","-","-","-","-","-","0","0"
"Trinity Benson","WR","DET","-","-","-","-","-","BYE","-","-","-","0","-","-","-","-","-","-","-","-","0","0"
"Marken Michel","WR","FA","-","-","-","-","-","-","-","-","-","0","-","-","-","-","-","-","-","-","0","0"
"Beau Brinkley","TE","FA","-","-","-","-","-","-","-","-","-","0","-","-","0","-","-","-","-","-","0","0"
"Sandro Platzgummer","RB","FA","-","-","-","-","-","-","-","-","-","0","-","-","-","-","-","-","-","-","0","0"
"Justin Hardee","WR","NYJ","0","0","-","0","0","0","0","0","0","BYE","0","-","-","0","-","0","0","-","0","0"
"Ramiz Ahmed","K","FA","-","-","-","-","-","-","-","-","-","0","-","-","-","-","-","-","-","-","0","0"
"Marcus Kemp","WR","WAS","-","-","-","-","-","-","0","-","0","-","-","-","-","BYE","-","-","-","-","0","0"
"Josh Ali","WR","ATL","-","-","-","-","-","-","-","-","-","-","-","-","-","BYE","-","-","-","0","0","0"
"Justyn Ross","WR","KC","-","-","-","-","-","-","0","BYE","0","-","-","-","-","-","-","-","-","-","0","0"
"Brandon Zylstra","WR","FA","-","-","-","-","-","-","-","-","0","-","-","-","-","-","-","-","0","-","0","0"
"Rashard Higgins","WR","FA","-","-","-","-","-","-","-","-","0","-","-","-","-","-","-","-","-","-","0","0"
"Albert Wilson","WR","FA","-","-","-","-","-","-","-","-","0","-","0","-","0","-","-","-","-","-","0","0"
"Quinton Bell","WR","ATL","0","-","-","-","-","0","-","-","-","-","-","-","0","BYE","-","-","-","-","0","0"
"Britain Covey","WR","PHI","0","0","0","0","0","0","BYE","0","0","0","0","0","0","0","0","0","0","0","0","0"
"Stanley Morgan Jr.","WR","CIN","0","-","0","-","0","-","-","-","0","BYE","0","0","0","0","0","-","-","-","0","0"
"Jared Pinkney","TE","FA","-","-","-","-","-","-","-","0","-","0","-","-","-","-","-","-","-","-","0","0"
"Logan Woodside","QB","ATL","-","-","-","-","-","-","-","0","-","-","-","-","-","BYE","-","-","-","-","0","0"
"Drew Sample","TE","FA","0.2","-0.4","-","-","-","-","-","-","-","-","-","-","-","-","-","-","-","-","-0.1","-0.2"
"Braylon Sanders","WR","MIA","-","-","-","-","-","-","-","-0.3","-","-","BYE","-","-","-","0","-","-","-","-0.2","-0.3"
"Nate Sudfeld","QB","DET","-","-","-","-","-","BYE","-","-","-","-","-","-","-0.1","-","-","-","-0.3","-","-0.2","-0.4"
"Chad Henne","QB","FA","0","-","-","-","-","-","-0.3","-","-","-","-","-","-","-","-","-","-","-0.2","-0.2","-0.5"
"Ihmir Smith-Marsette","WR","KC","-","0","-","0","-0.5","-0.1","-","BYE","-","-","-","-","-","-","-","-","-","-","-0.2","-0.6"
"Deonte Harty","WR","BUF","0.4","0.9","-","-2","0","-","BYE","-","-","-","-","-","-","-","-","-","-","-","-0.2","-0.7"
"Tim Boyle","QB","NYJ","-","-","-","-","-","-","-","-","-","BYE","-","-","-","-","-","-","-","-0.9","-0.9","-0.9"
"KaVontae Turpin","WR","DAL","0","0.3","0","0","0","0","0.3","1.1","BYE","0.9","0","0","0","-2","0","0","0","-2","-0.1","-1.4"
"Taiwan Jones","RB","FA","0","0","-","-","0","-","-","-","-","-","-","-","-","0","0","0","-","-2","-0.3","-2"
"Chester Rogers","WR","FA","-","-","0","-","0","-2","-","-","-","-","-","-","-","-","-","-","-","-","-0.7","-2"
""
""