"Player","Pos","Team","1","2","3","4","5","6","7","8","9","10","11","12","13","14","15","16","17","AVG","TTL"
"Lamar Jackson","QB","BAL","33.6","30.9","21.3","26.5","14.4","30.6","23.3","BYE","28.6","33.4","32.8","36.3","22.3","20.8","37.1","29.8","-","28.1","421.7"
"Christian McCaffrey","RB","SF","32.9","5.3","24.8","23.9","41.7","17.7","-","23.5","34.6","20.1","19.1","25.3","10.2","13.5","29.5","17.3","15.8","22.2","355.2"
"Dak Prescott","QB","DAL","33.4","28.7","23.5","8.6","26.2","18.2","21.6","BYE","22.5","26.9","31.6","7.9","23.7","17.5","17.7","11.3","29.6","21.8","348.8"
"Jameis Winston","QB","NO","10.1","13.2","26.5","30.3","17.5","17.1","-","21.3","20.2","20.3","18.8","26.3","10.7","37.7","33.7","15","16.5","21","335.4"
"Russell Wilson","QB","DEN","16.6","24.2","41.3","14.3","29.9","28.9","15.3","15.7","39.2","17.6","-","10.5","17.9","11.6","19.3","11","20.2","20.9","333.6"
"Deshaun Watson","QB","CLE","31.7","12.9","25.8","11.6","41.7","31.4","17.5","27.8","19.7","-","5","19.9","27.9","30.1","18.9","10.1","-","22.1","332"
"Josh Allen","QB","BUF","18","22.2","19.3","11.7","18.5","BYE","21.3","17.3","17.6","25.4","33.8","20","23.5","10.7","17.4","20.6","0.2","18.6","297.6"
"Kyler Murray","QB","ARI","22.6","16.4","19.8","17.3","25.4","28.8","7","10.1","23","27.8","26.7","BYE","14.3","13","17.4","12.7","15","18.6","297.3"
"Patrick Mahomes II","QB","KC","27.3","31.6","27.9","18","18.5","19.8","7.2","-","-","29.8","16.2","BYE","19.5","14.9","23.7","25.4","12.1","20.9","292"
"Carson Wentz","QB","FA","25","19.5","21.7","19.7","12.1","21.5","7.8","14.4","15.1","-","12.3","10.9","25.4","19.9","21.5","19","17.1","17.7","282.9"
"Aaron Rodgers","QB","GB","12.9","14.4","13","26.5","9.4","19.3","43.8","27.1","12.9","10","BYE","9.5","28.1","11.4","14.4","9.3","20","17.6","282.1"
"Matt Ryan","QB","FA","20.6","22.1","23.5","15.7","32.9","30.9","3.6","-","-","15.6","16.4","8.6","18.6","21.3","19.1","18","14.5","18.8","281.3"
"Derrick Henry","RB","TEN","27.9","15.4","10.6","10.8","13.8","3.3","16.8","6.3","21.9","31.1","BYE","27.5","20.6","22.9","8.6","-","39.1","18.4","276.6"
"Tom Brady","QB","FA","25.6","24.7","20.1","4.7","24.9","23","13","18.4","14.4","-","8.5","11.3","25.3","11.8","12.9","17.2","15.8","17","271.7"
"Aaron Jones","RB","GB","3.9","21","14.3","11.8","42.2","4","14.3","34.6","2.9","27.3","BYE","3.8","3.1","25.2","17.1","26","14.3","16.6","265.8"
"Jared Goff","QB","DET","10.4","19.1","16.1","23.7","18.9","1.1","25","22.9","-","5.7","6.2","6.4","25","18.1","18.6","21.1","25.2","16.5","263.5"
"Jimmy Garoppolo","QB","LV","11.4","23.6","11.4","-","14.9","13.1","7","14","28.9","11","31.7","18.2","9.1","29.1","12.6","12.4","11.8","16.3","260.3"
"Ezekiel Elliott","RB","FA","12.3","18","13.9","10.5","15.1","21.3","20.7","-","13.9","6.3","17.3","12.6","13.7","21.3","28","8.4","24.4","16.1","257.7"
"Philip Rivers","QB","FA","24.9","11.9","19.6","20.4","6.1","16.8","21.2","11","11.8","13.3","16.1","-","17.6","24.6","11.3","11.2","17.7","16","255.5"
"Ryan Fitzpatrick","QB","FA","11.2","1.2","1.2","-","-","9.8","21.6","13.3","23.7","14.1","12.9","25.1","27.8","15.3","20.5","32.7","24.3","17","254.5"
"Derek Carr","QB","NO","14.6","11.7","16.7","13.5","8","-","16.7","23.4","19.6","13.1","20.8","5.2","11.6","20.2","15.9","21.9","19.6","15.8","252.4"
"Kirk Cousins","QB","MIN","14.3","10.9","12.6","7.3","20.5","28.3","29.2","11.6","21.3","19.3","22.9","BYE","18","13.6","12.7","7.9","-","16.7","250.4"
"Baker Mayfield","QB","TB","12.4","16","10.7","16.8","0","22.5","BYE","12.6","17.1","17.6","21.8","24.6","9","13","18","15.1","23.1","15.6","250.2"
"Dalvin Cook","RB","MIN","24","25.1","20.3","13","19.8","11.4","26.9","23.1","11.6","24.3","11.7","BYE","10.4","13.5","4.3","-","-","17.1","239.4"
"Gardner Minshew II","QB","IND","18.6","16.1","18","16.7","21.2","5.6","21","24","9.8","-","-","-","11.7","13.6","18.7","14.8","25.5","16.8","235.2"
"New England Patriots","DST","NE","10","37","14","25","14","27","25","21","4","BYE","11","8","2","7","20","5","2","14.5","232"
"Ryan Tannehill","QB","TEN","-0.2","-","-","-","-","5.4","20.2","19.4","25","18.9","BYE","32.4","13.8","28.5","25.2","23.7","17.9","19.2","230.2"
"Drew Brees","QB","FA","21.8","0.5","-","-","-","-","-","25.9","-","11.5","21.1","23.4","11.3","40.1","28.3","22.9","22","20.8","228.8"
"Daniel Jones","QB","NYG","-0.8","-","34.2","14.3","11.5","8.2","11.4","28.2","12.8","30.3","BYE","14.7","11.2","-","-","35.3","15.6","17.5","227"
"Michael Thomas","WR","NO","12.3","8.9","11.4","9.5","30.2","8.9","13.1","16.3","BYE","15.2","17.4","16.1","4.8","19.4","18.8","19.6","3.7","14.1","225.6"
"Jacoby Brissett","QB","WAS","16.5","17.3","20.8","23.5","11.9","-","27.6","9.5","2.8","BYE","16.1","13.2","14.7","22.6","7.3","14.7","4.2","14.8","222.7"
"Nick Chubb","RB","CLE","8.5","15.8","13.1","36.3","9.9","23.9","BYE","9.8","9.1","12.1","9.2","22.4","7.9","11.7","20.8","4.5","4.2","13.7","219.2"
"Austin Ekeler","RB","LAC","33.4","17.3","8.1","24.2","7.3","2.8","18.5","8.2","9.3","10.8","13.2","BYE","12.7","27.3","8.1","6.9","8.9","13.6","217"
"Andy Dalton","QB","CAR","20.7","19.6","18.1","4.6","19","14.6","21.3","17.2","-","-","-","-","13.3","10.6","6.1","33.8","17.6","16.7","216.7"
"Mark Ingram II","RB","FA","22.7","7.7","31.5","7.1","10.9","13.4","5.3","-","12.4","9.4","20.5","23.8","6.2","7.9","22.6","15.1","-","14.4","216.5"
"Mitch Trubisky","QB","PIT","9.2","5.6","20.4","0.4","-","-","20","8.1","6.5","19.7","11","20.9","24.9","33.1","18.3","8.3","6.4","14.2","212.8"
"Sam Darnold","QB","SF","13","-","-","BYE","-","20.6","-2.7","15.6","13.5","21.7","26.4","28.2","10.5","18.1","16.8","9.6","10.8","15.6","202.2"
"Chris Carson","RB","FA","18","6.7","3","14.5","18.3","21.9","7.4","15","11.3","16.1","-","5.7","16.9","9.1","25.7","6","-","13","195.6"
"Kyle Allen","QB","BUF","0","-","24.3","3.3","11.6","17.4","-","3.3","15.9","14.5","9.7","23.1","24.3","20.1","14.6","-","11.3","13.8","193.5"
"Saquon Barkley","RB","NYG","13.9","19.5","3.7","-","-","-","14","20.3","9.5","3.1","BYE","6","11.5","6.7","26.3","39.9","17.7","14.8","192.1"
"Joe Mixon","RB","CIN","1.7","2.7","15.4","6.3","10.9","3.9","6.4","13.7","BYE","15.1","16.3","7.9","13","24.6","15.6","7.3","29.6","11.9","190.4"
"Chris Godwin","WR","TB","11.3","18.1","4","29.2","24.5","15.1","BYE","6.3","6.9","7.4","10.7","30.4","5","9.1","12.1","-","-","13.6","190.1"
"Todd Gurley II","RB","FA","10.1","12.7","4.3","19","15.7","-","11.4","10.4","-","7.3","17.3","1.9","17.5","17.3","17.8","16.8","8.9","12.6","188.4"
"Leonard Fournette","RB","FA","7.4","8.7","9.2","24.5","19.7","11.8","14.5","13.6","7.2","-","5.7","27.9","9.1","6.3","7.3","10.5","-","12.2","183.4"
"Kenny Golladay","WR","FA","10.2","17.7","1.7","18.7","-","12.1","2.1","22.3","19.2","11.7","3.4","6.1","21.8","11.8","4.4","12.6","7.2","11.4","183"
"Pittsburgh Steelers","DST","PIT","0","7","11","19","11","14","BYE","13","19","25","1","12","13","18","6","5","7","11.3","181"
"Cooper Kupp","WR","LAR","4.6","12.6","22.1","17.9","17.7","1.7","5","28","BYE","0","5.3","3.5","12.5","10.5","10.1","9.1","15.9","11","176.5"
"Julio Jones","WR","FA","9.1","22.6","18.8","5.3","4.2","10.8","9.3","15.2","-","7.9","8.7","6.8","-","6.6","25.4","16.6","7.8","11.7","175.1"
"DeVante Parker","WR","NE","7.5","0","5.6","13","-","8.8","11.5","5.9","11.7","6.9","13.5","9.1","27.9","2.8","19.2","17.1","13.7","10.9","174.2"
"Josh Jacobs","RB","LV","23.3","9.9","4.4","10.8","26.3","-","13.4","8.1","24","16.1","10.4","3.6","10.4","-","10.9","-","-","13.2","171.6"
"Matthew Stafford","QB","LAR","27.6","17.1","12.1","23.4","-","11.5","29.6","24.4","25.8","-","-","-","-","-","-","-","-","21.4","171.6"
"Miles Sanders","RB","CAR","2.7","3.7","10.6","7.2","6.4","15.2","3.2","19.8","7.3","-","4.7","8.6","16.5","6.9","29.2","21.6","5.1","10.5","168.7"
"Alvin Kamara","RB","NO","16.9","6","28.1","8.9","10.9","6.6","-","-","BYE","7.4","12.2","10.2","8.4","2.3","8.9","23","17.7","12","167.5"
"Amari Cooper","WR","CLE","16.6","10.4","20.8","4.8","28.6","0.3","10.6","-","14","20.7","3.8","0","8.5","14.3","1.9","2.4","9.8","10.5","167.5"
"Marlon Mack","RB","FA","25.4","6.3","14.8","3.9","14.8","-","5.6","15","8.9","8.2","16.9","-","-","9.8","1.9","16.1","19.7","12","167.3"
"Harrison Butker","K","KC","17","4","10","11","7","7","12","6","18","16","7","BYE","10","13","10","10","8","10.4","166"
"Mike Evans","WR","TB","2.8","6.1","37","14.9","0","11.6","BYE","31.8","24","8.2","6.9","5","5.3","12.1","-","-","-","12.7","165.7"
"DeAndre Hopkins","WR","ARI","23.1","4","6.7","3.1","8.8","7.5","16.6","10.9","11.4","-","8","21.4","10.6","19.2","11.9","2.3","-","11","165.5"
"A.J. Brown","WR","PHI","10","2.5","0.4","21.4","2.7","2.3","6.2","7.1","8.1","1.7","-","19.5","4.5","28.6","17.4","14.3","18.4","10.3","165.1"
"Kenyan Drake","RB","FA","2.7","4.8","5.2","7.3","-","7","5.8","-","24.2","4.1","8","-","5.1","6.7","38.6","30.4","14.3","11.7","164.2"
"Wil Lutz","K","NO","15","12","3","14","7","8","10","7","BYE","10","11","11","17","13","10","9","6","10.2","163"
"San Francisco 49ers","DST","SF","27","7","7","BYE","19","10","15","17","3","19","14","11","4","-2","4","7","1","10.2","163"
"Phillip Lindsay","RB","FA","6.6","6.6","25","6","20.7","13.5","3.2","7.6","15.2","-","7.5","6.8","6.2","11.5","3.2","17.8","5.3","10.2","162.7"
"Keenan Allen","WR","LAC","18.3","9.8","30.6","4.8","1.8","3.3","6.1","5.3","4","8.6","13.1","BYE","12.8","8.3","9.9","6.6","14.2","9.8","157.5"
"Travis Kelce","TE","KC","8.8","16.7","8.9","8.5","7","5.8","4.4","12.3","6.2","13.5","15.2","BYE","9","11","14.2","13.4","2.4","9.8","157.3"
"Allen Robinson II","WR","LAR","10.2","4.1","6","7.7","21.7","-","14.7","6.2","0.6","8.6","1.5","19.1","14.6","16.8","12.5","5.3","7.3","9.8","156.9"
"Julian Edelman","WR","FA","10.4","5.2","12.2","3","17","11.3","6.7","19.5","6.9","-","9.9","9.3","15.9","16.3","0.9","9.2","2.6","9.8","156.3"
"Jarvis Landry","WR","FA","7.7","3.2","6.2","16.7","7.5","3.6","-","6.5","11.1","15.7","10.3","26.8","7.6","7.6","2.3","7.4","14.2","9.7","154.4"
"Tyler Lockett","WR","SEA","10.4","7.9","21.4","5.1","10.3","7.8","11.8","10","27.2","2.9","BYE","3.8","0","4.3","18","1.2","11.1","9.6","153.2"
"Baltimore Ravens","DST","BAL","13","4","0","-1","5","5","18","BYE","13","24","15","13","7","9","8","4","16","9.6","153"
"Justin Tucker","K","BAL","11","13","4","6","16","13","12","BYE","7","7","12","9","9","6","4","7","17","9.6","153"
"DJ Chark Jr.","WR","CAR","20.6","11.5","13.6","4.4","28.4","4.3","7.3","13.9","3.2","-","22.4","5.8","4.7","7.5","-","1.8","3.4","10.2","152.8"
"Raheem Mostert","RB","MIA","4","21.1","5.9","-","3.4","1.3","0","12","-0.2","3.5","2.7","12.7","21.4","22.9","9.9","11.3","19.3","9.5","151.2"
"Courtland Sutton","WR","DEN","12","4","8.7","18.2","15.2","7.6","8.7","7.2","12.3","BYE","13.8","2.7","19.4","3.4","7.9","4.1","5.2","9.4","150.4"
"Stefon Diggs","WR","BUF","3.7","8.9","1.5","8.8","4.4","36.5","14.3","12.3","1.6","4.9","18.1","-","5.2","9.2","8","11.7","-","9.9","149.1"
"Le'Veon Bell","RB","FA","17.2","10.9","6.3","-","8.8","11.3","7.6","3.5","12.1","12.8","15.2","10.8","6.7","-","8.8","9.3","7.7","9.9","149"
"Kansas City Chiefs","DST","KC","5","11","2","13","3","5","24","4","1","5","11","BYE","22","8","11","10","13","9.3","148"
"John Brown","WR","FA","18.3","7.2","5.5","6.9","7.5","-","14.3","5.4","7.6","7.7","25.7","9.9","7.7","2.6","9.9","11.6","-","9.9","147.8"
"Michael Gallup","WR","DAL","15.8","6.8","-","-","17.3","4.8","3.4","BYE","9.3","13.6","14.8","5.5","6.3","10.9","0.6","9.8","27.8","10.5","146.7"
"Los Angeles Rams","DST","LAR","9","8","9","6","2","7","21","9","BYE","19","9","-1","18","14","-4","9","11","9.1","146"
"David Montgomery","RB","DET","4.5","12.8","8.1","6.7","9.6","-","-0.1","20.7","19.6","6","5","3.1","14.7","6.6","4.9","5.9","17.3","9.1","145.4"
"Matt Gay","K","IND","5","9","16","15","7","6","-","10","12","14","7","5","8","9","9","11","2","9.1","145"
"Minnesota Vikings","DST","MIN","16","6","7","2","12","9","3","12","7","3","4","BYE","8","13","27","9","6","9","144"
"DJ Moore","WR","CHI","5.6","8.9","12.4","4.4","9.1","8.6","-","3.8","10.1","12","9.5","25.4","13.2","8.1","12.3","0.1","-","9.6","143.5"
"Mark Andrews","TE","BAL","16.8","17.2","1.5","9.1","4.5","7.9","3.9","BYE","2.1","17.3","13.5","4.5","11","1.4","11.2","21.3","-","9.5","143.2"
"Carlos Hyde","RB","FA","8.5","9","7.9","6.4","12","17","3.5","8.3","14","-","12.5","6.7","2.2","7.8","16.4","9.7","1.3","9","143.2"
"New Orleans Saints","DST","NO","7","5","14","11","6","11","10","8","BYE","3","17","5","16","1","5","6","18","8.9","143"
"Robert Woods","WR","HOU","8.6","4.2","5.8","16.4","4.8","7.6","8.6","4.2","-","9.5","-","9.7","17.2","18.7","1.7","12.3","13.6","9.5","142.9"
"Sony Michel","RB","FA","1.4","12.3","7.1","6.3","18.3","11.3","21.4","7.4","3","-","4.4","8.5","4.5","0.9","10.3","10.1","13.4","8.8","140.6"
"Melvin Gordon III","RB","FA","-","-","-","-","3.8","4.8","6.9","9.4","22.9","19.3","9","-","11","14.4","2.4","16.7","18.2","11.6","138.8"
"Devonta Freeman","RB","FA","1.1","6.4","9.5","10","13","23.8","2.5","8.2","-","4.8","-","-","6.4","15.4","5.5","24.7","7.3","9.9","138.6"
"George Kittle","TE","SF","5.4","5.4","5.7","BYE","14.8","10.3","3.8","8.6","13.9","-","-","18.9","1.4","12.7","13.4","13.9","9.3","9.8","137.5"
"Buffalo Bills","DST","BUF","10","6","11","6","11","BYE","11","4","8","5","10","13","11","3","18","2","8","8.6","137"
"Zane Gonzalez","K","SF","14","9","9","4","14","10","10","11","5","11","9","-","1","5","8","10","6","8.5","136"
"Ronald Jones II","RB","DAL","9.3","0.9","12.1","14.2","5.6","7","-","5.2","14.2","14.6","1.4","12.7","0.8","5.9","4.9","16.9","9.6","8.5","135.3"
"Tampa Bay Buccaneers","DST","TB","12","6","8","15","1","0","BYE","5","1","6","0","16","23","2","15","10","14","8.4","134"
"Josh Lambo","K","FA","8","7","10","15","9","6","13","12","3","-","1","9","5","4","9","7","16","8.4","134"
"Calvin Ridley","WR","JAC","12.4","16.5","0.6","3.2","14.8","10.8","3","9","-","4.7","20.3","16","9.1","13.6","-","-","-","10.3","134"
"Terry McLaurin","WR","WAS","18.5","12.2","13","-","5.1","22","1.1","3.9","3.9","BYE","6.9","7.2","0.8","11.7","19","8.6","-","9.6","133.9"
"Tennessee Titans","DST","TEN","23","8","1","11","7","4","4","11","6","11","BYE","6","20","10","5","-1","7","8.3","133"
"Matt Prater","K","ARI","11","1","9","15","-","21","7","9","6","9","3","11","8","1","6","5","11","8.3","133"
"New York Jets","DST","NYJ","18","5","16","BYE","4","1","1","3","6","16","9","18","1","4","5","12","14","8.3","133"
"Tyler Boyd","WR","CIN","6.3","12.2","6.8","3.3","18.3","1","3.5","6.8","BYE","6.2","1","14.1","11.9","8.2","2.6","24.8","5.9","8.3","132.9"
"Deebo Samuel","WR","SF","1.7","15.3","4.4","BYE","0.3","1.9","-","10.8","4","11.2","13.4","11","12.1","10.9","3.7","11.9","19.5","8.8","132.1"
"Dan Bailey","K","FA","4","4","12","0","16","8","6","16","5","8","3","-","7","10","16","4","13","8.3","132"
"Marvin Jones Jr.","WR","DET","6","4.3","16.1","7.7","BYE","1.7","33.3","2.2","18.6","7.7","15.9","4.6","10","3.8","-","-","-","10.1","131.9"
"Brandon McManus","K","DEN","10","8","4","6","10","13","0","7","7","BYE","13","4","15","8","3","9","14","8.2","131"
"Darren Waller","TE","NYG","7","6.3","14.1","5.3","3.9","-","24.6","7.1","5.2","4","7.6","4.1","10","5.2","12.2","3.7","10.7","8.2","131"
"Tyreek Hill","WR","MIA","2.1","-","-","-","BYE","20","13.4","8.1","20.5","22","0","-","5.1","7","18.8","7.2","6.1","10.9","130.3"
"Adrian Peterson","RB","FA","0","9.2","3.4","2.8","1.8","13.6","6.1","10.3","13","-","3","4.9","15.9","13.6","15.1","11.5","5.8","8.1","130"
"Davante Adams","WR","LV","3.6","10.6","5.6","18","-","-","-","-","4.1","11.8","-","12.3","18.4","4.1","16.3","9.6","15.3","10.8","129.7"
"DK Metcalf","WR","SEA","8.9","12.1","6.7","0.6","10.4","7.3","3.3","13.3","21","5","BYE","3.5","5.5","7.8","9.6","0","14.1","8.1","129.1"
"Greg Zuerlein","K","NYJ","15","9","10","13","12","1","15","6","-","4","5","7","10","4","1","9","8","8.1","129"
"James White","RB","FA","8.2","8.9","-","5.8","7.2","4.5","5.9","7.9","14.4","-","5.6","-0.1","29.7","7.4","12.2","2.9","7.7","8.5","128.2"
"Zach Ertz","TE","ARI","5.4","9.2","6.4","6.5","11.7","3.4","3.8","2","16.3","-","9.4","15.1","2.4","21.1","12.1","2.8","-","8.5","127.6"
"Odell Beckham Jr.","WR","FA","7.1","22.1","5.6","2","3","10.1","-","5.2","8.2","5.7","6","14.4","2.9","3.9","6.6","10.4","14.1","8","127.3"
"Indianapolis Colts","DST","IND","7","5","2","3","10","BYE","9","7","8","8","10","4","10","11","-1","30","4","7.9","127"
"Chris Boswell","K","PIT","3","9","9","10","12","6","BYE","11","16","5","1","11","8","11","5","5","4","7.9","126"
"Jared Cook","TE","FA","3.7","2.5","0.7","2.1","10.1","9.7","-","-","-","7.4","9.3","15.9","8.5","18.4","5.4","20.4","10.4","8.9","124.5"
"Emmanuel Sanders","WR","FA","14.6","17.8","1","10.4","0.9","0","6","8.5","17.2","2.4","3.3","1.5","4.1","27.1","0.9","6.1","2.5","7.3","124.3"
"Seattle Seahawks","DST","SEA","12","3","2","16","3","9","2","9","3","18","BYE","17","6","11","7","4","2","7.8","124"
"Latavius Murray","RB","FA","10.7","2.3","0.2","2","3.4","7.9","27","27.7","-","1.9","3.2","12.4","0.2","9.4","4.9","2.5","7.5","7.7","123.2"
"Darius Slayton","WR","NYG","-","-","8.2","1.3","12.2","3.2","2.8","17","0.6","24.1","BYE","6.7","4.4","27.4","9.1","0","5","8.7","122"
"Jamison Crowder","WR","NYG","10.3","4","2.5","-","1","9.8","2.6","2.4","14.3","14.1","13.6","1.8","0.8","2.9","21","6","12.6","7.5","119.7"
"Joey Slye","K","WAS","12","16","8","13","4","4","-","4","6","6","3","10","3","10","8","8","4","7.4","119"
"Devin Singletary","RB","HOU","9.8","11.7","-","-","-","-","2.6","10.9","20","5","7.9","11.4","16.1","11.8","6.9","4.8","-","9.9","118.9"
"Mason Rudolph","QB","FA","-","12.2","15.5","16.9","9.2","-","-","17","11.1","13.6","10.3","2.8","-","-","-","9.2","-","11.8","117.8"
"Cole Beasley","WR","BUF","4","8.3","6.8","7.5","2.1","BYE","7.6","10.1","7.3","7.4","3.8","13.6","17","10.9","0.6","10.8","-","7.9","117.8"
"Curtis Samuel","WR","WAS","3.2","9.3","11.3","3.3","4.4","19.8","-","4.6","13.4","9.5","2.5","4.9","12.5","4.2","11.4","2.1","1.3","7.4","117.7"
"Randy Bullock","K","FA","8","5","6","3","12","5","5","4","-","8","5","4","9","15","8","9","11","7.3","117"
"Jason Myers","K","SEA","3","4","3","9","7","8","10","12","8","11","BYE","5","13","6","6","9","3","7.3","117"
"Austin Hooper","TE","LV","7.7","3.4","18.6","13","7.6","17.7","10.6","12.5","-","7.7","-","-","-","3.2","2","8.2","4.5","9","116.7"
"Austin Seibert","K","FA","1","13","7","11","3","2","-","8","13","8","3","12","7","11","7","4","6","7.3","116"
"Robbie Gould","K","FA","12","11","6","-","8","8","9","9","4","-","-","-","5","13","12","10","9","8.9","116"
"Jason Sanders","K","MIA","6","0","6","4","BYE","4","3","2","6","13","2","6","13.1","24","9","8","9","7.2","115.1"
"Mason Crosby","K","FA","4","3","11","9","10","12","6","7","5","7","-","0","8","8","3","10","12","7.2","115"
"Tevin Coleman","RB","FA","5.6","-","-","-","15.7","12.1","6.1","35.8","3.6","7.2","6.2","10.9","1.5","0.6","4","3.3","1.8","8.2","114.4"
"Philadelphia Eagles","DST","PHI","1","7","2","5","35","1","1","12","6","BYE","2","11","1","3","9","8","9","7.1","113"
"Mike Williams","WR","LAC","2.9","8.3","4.5","-","7.4","7.2","4.7","6.9","11.3","5.5","7.6","BYE","11.7","12.3","13.1","5.1","3.8","7.5","112.3"
"James Conner","RB","ARI","6.5","10.5","3.7","18.5","11.5","23.9","-","21","-","-","1.6","BYE","-","-","11.1","3.2","-","11.2","111.5"
"Damien Williams","RB","FA","12.5","5.6","-","-","3.8","8","0.6","9","18.8","8.9","1.3","-","-","-","-","15.2","27.4","10.1","111.1"
"Chosen Anderson","WR","FA","2.3","8.1","1.1","-","1.6","18.5","1","4.3","3.3","1.1","6.6","14.6","10.1","18.1","8.6","9.2","1.8","6.9","110.3"
"Duke Johnson Jr.","RB","FA","9","3.1","2.4","7.8","6.7","11.4","5.6","9.4","14.1","-","4.4","3","15","4.5","2.3","-0.4","11.7","6.9","110"
"Ka'imi Fairbairn","K","HOU","4","7","3","4","13","6","12","10","11","BYE","1","8","4","8","6","11","2","6.9","110"
"Green Bay Packers","DST","GB","14","12","13","-1","9","3","2","4","2","8","BYE","-1","10","7","13","11","4","6.9","110"
"Chris Conley","WR","TEN","15.7","7.3","3","1.7","2.6","0","10.3","16.3","3.2","-","5.8","4.9","5.7","0.7","16.9","11.6","3.8","6.8","109.5"
"Jake Elliott","K","PHI","6","7","6","4","7","10","4","5","10","BYE","5","3","13","5","7","5","12","6.8","109"
"Case Keenum","QB","HOU","27.2","16.7","14.6","0.5","-","15.6","3.1","3.2","-","BYE","-","-0.1","-","-","-","16.4","11.2","10.8","108.5"
"Dustin Hopkins","K","LAC","11","3","3","3","1","5","0","10","9","-","4","14","12","5","12","5","11","6.8","108"
"Jamaal Williams","RB","NO","1.5","10.1","8.2","0","-","19.6","9.1","15.6","10.9","6.3","-","8","6.7","2.4","3.3","5.2","-","7.6","106.9"
"David Johnson","RB","FA","19.7","7.4","12.5","13.9","15.6","22.2","0.2","-","-","-1","0","-","2.4","11.3","0.6","0.7","-","8.1","105.5"
"Brett Maher","K","FA","5","7","7","4","6","14","15","-","15","6","9","10","1","6","-","-","-","8.1","105"
"Diontae Johnson","WR","PIT","2.5","1.7","11.8","11.7","2.7","1.4","BYE","14.4","0.5","6.4","1.7","2.9","3.1","19.6","4.2","14.1","5.4","6.5","104.1"
"Golden Tate","WR","FA","-","-","-","-","1.3","16.2","8","8.5","5.8","19.5","-","9.3","-","1.1","11.1","9.6","12.8","9.4","103.2"
"Stephen Hauschka","K","FA","6","4","8","1","2","-","13","1","7","2","15","8","9","11","5","5","6","6.4","103"
"Eddy Pineiro","K","CAR","3","15","7","10","3","-","6","10","2","2","1","7","6","7","7","4","13","6.4","103"
"Jacksonville Jaguars","DST","JAC","-4","8","15","2","4","7","17","15","5","BYE","6","1","6","-3","5","5","14","6.4","103"
"Larry Fitzgerald","WR","FA","17.3","10.4","9.6","4.7","5.8","6.9","1.2","0.8","3.8","7.1","7.7","-","5.6","2","4.2","10.8","4.5","6.4","102.4"
"Breshad Perriman","WR","FA","1","0","1.9","0","-","-","-","0","10.2","1.7","2","4.4","8.7","13","29.6","10.2","19.4","7.3","102.1"
"Chicago Bears","DST","CHI","9","5","21","17","4","BYE","3","4","4","8","5","4","5","2","1","1","9","6.4","102"
"Jordan Howard","RB","FA","5.5","2.6","9.7","29.5","12.2","4.9","5.6","17.1","14.3","-","-","-","-","-","-","-","0","10.1","101.4"
"Tyrell Williams","WR","FA","16.5","10.6","8.9","9.6","-","-","-","15.1","4.8","2.5","8.2","1.8","0.9","3.5","10.5","8.2","0","7.2","101.1"
"Denver Broncos","DST","DEN","0","1","0","5","10","23","1","7","3","BYE","9","4","8","15","5","5","5","6.3","101"
"Peyton Barber","RB","FA","4.5","14.9","5.5","7.9","9.1","2.8","-","2.8","1.5","10.7","7.1","3.2","18.4","5.3","4","-0.7","3.5","6.3","100.5"
"Marquise Brown","WR","ARI","26.7","8.6","4.9","2.2","8.2","-","-","-","4.8","14","2.3","16.2","0.1","-0.2","10.5","0.6","1.5","7.2","100.4"
"Christian Kirk","WR","JAC","6.4","11.4","5.9","4.3","-","-","-","9.8","1.6","31.8","4.2","-","2.3","8.9","6.1","0.9","6.6","7.7","100.2"
"Randall Cobb","WR","FA","12.9","3.5","2.3","4.1","5.3","-","2.9","-","1.5","16.6","17.5","8.6","5.3","4.3","-0.3","7.3","8.1","6.7","99.9"
"Royce Freeman","RB","FA","6.1","10.2","7.3","5","6.7","7.6","12.7","10.5","1.4","-","4.5","2.9","2.4","9.2","2.6","9.7","0.4","6.2","99.2"
"Dallas Cowboys","DST","DAL","6","1","12","11","1","4","15","BYE","18","0","3","6","4","5","4","2","7","6.2","99"
"Atlanta Falcons","DST","ATL","0","10","1","0","-2","-1","-1","2","BYE","10","26","5","0","14","11","9","14","6.1","98"
"Daniel Carlson","K","LV","6","4","2","7","7","-","7","7","7","9","5","4","3","3","10","7","9","6.1","97"
"Hunter Henry","TE","NE","6","-","-","-","-","22","9.7","4.7","8.4","9","8.9","-","1","9.9","0.9","4.5","10.2","7.9","95.2"
"Carolina Panthers","DST","CAR","4","6","13","14","14","21","BYE","3","11","2","2","3","6","-3","3","-1","-3","5.9","95"
"Zach Pascal","WR","ARI","0","0","11.3","7.2","2","-","22.6","0.6","13.6","2.6","1.7","0","10.9","15.4","4.4","0.6","1.4","5.9","94.3"
"Houston Texans","DST","HOU","2","10","8","10","9","5","2","0","19","BYE","-4","2","5","2","6","22","-4","5.9","94"
"Washington Commanders","DST","WAS","0","2","5","9","5","10","8","6","2","BYE","5","21","11","7","3","-1","1","5.9","94"
"Mecole Hardman Jr.","WR","NYJ","0","12.1","16.4","-1.1","7.3","4.5","8.8","11.5","-1.3","12.3","1.3","-","0.9","10.8","1","0","9","5.8","93.5"
"Younghoe Koo","K","ATL","-","-","-","-","-","-","-","-","BYE","15","11","11","8","18","6","6","18","11.6","93"
"Sam Ficken","K","FA","-","4","2","-","0","6","0","1","13","12","4","10","7","12","1","13","8","6.2","93"
"Teddy Bridgewater","QB","FA","0","7.1","16.3","7.5","28.3","13.6","19.9","-0.2","-","-","-","-","-","-","-0.3","-","0.3","9.2","92.5"
"Tyler Higbee","TE","LAR","8","2.1","-","4.1","4.7","2.5","0.8","0.8","BYE","2.2","0","2","16.7","11.6","11.1","10.4","14.4","6.1","91.4"
"Chase McLaughlin","K","TB","-","-","-","-","8","5","10","5","-","12","7","14","-","11","1","8","10","8.3","91"
"Cleveland Browns","DST","CLE","0","13","9","10","3","4","BYE","5","5","2","16","8","4","11","-2","1","2","5.7","91"
"Dede Westbrook","WR","FA","9.2","0.3","5","6.6","8.2","5.3","11.7","0","-","-","3.2","6.9","14","2.5","2.1","0.5","15.2","6","90.7"
"LeSean McCoy","RB","FA","9.3","2.3","20","14.9","0.3","4.4","7.6","4.3","0.9","-","11.7","-","9","4.3","1.6","-","-","7","90.6"
"Joe Flacco","QB","FA","14.8","16.7","6","23","9","6","6.5","7.9","-","-","-","-","-","-","-","-","-","11.2","89.9"
"James Washington","WR","FA","5.1","2.3","1.4","0","5.2","-","-","2.1","6.9","13","4.9","15.8","17.1","3.3","8.3","4.1","0","6","89.5"
"Marcus Mariota","QB","PHI","24.3","13.4","15.6","23.3","8.6","0.9","-","-","-","BYE","-","-","-","-","-","-","1","12.4","87"
"Dallas Goedert","TE","PHI","1.6","-","0","7.6","1.1","4.8","10.9","8.2","3.9","BYE","9.6","1.2","6.6","4.1","5.5","15.1","6.5","5.8","86.7"
"Sammy Watkins","WR","FA","37.8","4.9","6.4","3.4","0","-","-","4.5","6.3","5.1","2.6","-","0","5","6.9","2.8","0.8","6.2","86.5"
"New York Giants","DST","NYG","-4","2","7","24","4","13","10","8","3","1","BYE","7","-1","5","8","-1","0","5.4","86"
"DeAndre Washington","RB","FA","0.8","3.5","2.2","2.6","9.6","-","4.1","2.7","2.8","1.9","1.3","1.9","4.9","15.6","2.2","16.6","13.2","5.4","85.9"
"Gus Edwards","RB","BAL","5.6","1.1","6.8","3.6","2.3","3.4","3.5","BYE","8.7","1.7","17.2","5.5","2.2","2","3.5","7.3","11.2","5.4","85.6"
"Mike Gesicki","TE","NE","3.1","1.1","0.9","0","-","5.1","4.1","1","9.5","0.8","1.8","8.8","13.9","0.6","4.7","20.2","9.4","5.3","85"
"William Fuller V","WR","FA","6.9","4","5.1","2.3","39.7","4.4","0.6","-","-","-","-","14","0.8","-","6.1","1.1","-","7.7","85"
"Tarik Cohen","RB","FA","4.9","2.5","2.4","7.8","4.9","-","2.9","4.6","1.6","9.7","13.4","5.4","3.5","3.1","8.5","3.3","6.4","5.3","84.9"
"Sterling Shepard","WR","NYG","4.2","-","20.1","9.9","4.7","-","-","-","-","-","BYE","3.7","10","3.6","11.1","13.6","3.9","8.5","84.8"
"Hunter Renfrow","WR","LV","1.3","3","2.8","1.8","1.2","-","1.4","14.8","11.4","4.2","6.6","3.1","-","-","-","16.7","16.2","6.5","84.5"
"Adam Thielen","WR","CAR","10.3","7.5","17.6","0.6","25","11.7","8.5","-","0","-","-","-","-","-","3","0.2","-","8.4","84.4"
"Matt Breida","RB","NYG","3.7","13.2","8.8","-","24.9","6.3","3.6","5","9.2","2.5","BYE","-","-","5.8","-0.3","0","1.6","6.5","84.3"
"Dwayne Haskins","QB","FA","-","-","-","3.6","-","-","-","0.3","7.2","-","18.1","6","6.5","9.7","19","13.3","-","9.3","83.7"
"Taysom Hill","TE","NO","7.7","1.6","1","1.6","2.1","1.7","8.5","12.3","BYE","2.1","0.4","0","16.5","2.5","10.3","4","10.9","5.2","83.2"
"Frank Gore","RB","FA","2","14.3","14.9","10.9","6.9","-","6.6","3.4","1.5","1.6","4.5","6.5","2.5","0.6","1.5","0","4.2","5.1","81.9"
"Los Angeles Chargers","DST","LAC","2","8","4","11","14","3","4","9","7","3","3","BYE","2","6","1","3","1","5.1","81"
"T.Y. Hilton","WR","FA","20.7","10.3","12.5","-","3.7","-","13.4","5.4","-","-","-","1.8","-","-","2.5","2.6","7.2","8","80.1"
"Kenny Stills","WR","FA","9.7","3.8","8.9","2.4","-","-","10.5","2.2","5.2","-","2.7","0.6","12.1","0.8","15.5","5.7","-","6.2","80.1"
"Adam Vinatieri","K","FA","5","1","10","6","13","-","4","14","4","6","7","5","5","-","-","-","-","6.7","80"
"Alshon Jeffery","WR","FA","17.1","0","-","9.8","5.2","13.6","3.8","6.4","3.6","-","-","-","19.7","0","-","-","-","7.9","79.2"
"Danny Amendola","WR","FA","16.4","0","3.7","-","-","0.6","10.5","9.5","2.9","2.9","4.7","2.1","3.2","3.4","10.2","2.1","6.4","5.2","78.6"
"Detroit Lions","DST","DET","7","9","13","5","BYE","7","-4","11","0","6","-1","8","3","2","3","6","3","4.9","78"
"Jason Witten","TE","FA","7.5","8.5","5.4","3","2.9","5.7","3.3","-","5.8","1.7","3.3","0.5","12.2","3.7","9.6","1.4","2.4","4.8","76.9"
"Darren Fells","TE","FA","0","0.9","10.9","1.2","14","6.9","2.7","17.8","6.1","-","1.8","2.4","8.3","0.2","0.2","2.7","0","4.8","76.1"
"Steven Sims Jr.","WR","HOU","0","1.9","2.4","0","12.6","0.1","0.5","0","1.2","BYE","0.6","6","2.9","4","10.5","19.3","13.5","4.7","75.5"
"Brandin Cooks","WR","DAL","3.9","13.6","12","7.1","5.6","3.2","5.9","0","-","-","-","3.3","2.4","0","4.6","9.9","4","5.4","75.5"
"Anthony Miller","WR","PIT","0","0.2","1.5","1.1","5.2","-","4.3","6.7","0","0.7","5.4","7.7","14","10.2","17.8","0.2","0.5","4.7","75.5"
"Kerryon Johnson","RB","FA","6.2","14.8","10.3","13.7","-","12.1","2.3","-","-","-","-","-","-","-","-","4.3","11.3","9.4","75"
"Kyle Rudolph","TE","FA","0","0.9","1.1","1.2","0.4","3.6","11.8","1.7","8.3","15.4","12.7","-","11","1.1","4.8","0.7","0","4.7","74.7"
"Tony Pollard","RB","DAL","2.4","2.5","18.8","0","1.9","1.3","2.8","BYE","3","-0.4","13.6","2.8","0.7","-","20.3","-2","6.5","4.9","74.2"
"Rex Burkhead","RB","FA","8.5","6.8","12.9","0.7","-","-","-","1.3","3.4","-","4.8","1.7","1.5","1.5","11.9","13.7","5.4","5.7","74.1"
"Nyheim Hines","RB","BUF","1.7","1.4","2.9","4.5","4.5","BYE","1.6","4.6","2.8","4.4","9.5","6.1","10","0.5","1.2","12.6","5.6","4.6","73.9"
"Boston Scott","RB","PHI","-","-","-","-","-","3","3.7","4.6","0","BYE","2.6","0","0","18.8","6.5","1.9","31.8","6.6","72.9"
"Corey Davis","WR","NYJ","0","3.8","4.4","15.1","2.8","3.6","14","0.9","4.8","-","-","2.9","2.3","3.4","5.7","4","4.4","4.8","72.1"
"Aldrick Rosas","K","FA","5","2","6","6","4","2","3","2","12","1","-","2","8","5","4","5","5","4.5","72"
"Phillip Dorsett II","WR","LV","21.5","3.9","12.5","1.9","0","-","10.6","4.3","1.3","-","9.3","-","1.5","0","0","0","5","5.1","71.8"
"Greg Olsen","TE","FA","3.6","11","19.5","0.5","0","5.2","-","1.3","4","9.8","5.7","4.4","2.2","-","-","3.3","1.2","5.1","71.7"
"JuJu Smith-Schuster","WR","NE","7.8","8.4","14.1","1.5","11.5","0.7","-","16.3","1.6","4.4","2.1","-","-","-","-","2.2","0.6","5.9","71.2"
"Noah Fant","TE","SEA","2.4","3.3","1.7","9.1","0.6","1.6","0.7","2.6","17.5","-","5.3","1.4","0.5","17.3","5.6","1","0.4","4.4","71"
"Drew Lock","QB","SEA","-","-","-","-","-","-","-","-","-","-","BYE","-","13.9","24.9","7.6","12.7","12","14.2","71"
"Chase Edmonds","RB","TB","0.5","1.7","2.5","3.7","14.6","12.7","33","1.3","-","-","-","-","0","0.9","0","0","-0.1","5.4","70.8"
"Las Vegas Raiders","DST","LV","4","3","-1","10","8","-","-3","3","6","17","13","2","0","-2","3","2","5","4.4","70"
"Jonnu Smith","TE","ATL","1.7","0","2","0.5","5.7","0.8","6.4","13.8","1.8","3","-","0.4","0","8.9","11.7","12.3","0.7","4.4","69.7"
"Demarcus Robinson","WR","FA","0","29.2","10.3","3.5","3.1","0","3.1","0.6","0.5","5.6","0","-","0","1.2","2.1","1.3","8.4","4.3","68.9"
"Jack Doyle","TE","FA","2","2.1","4.6","8.2","1.9","-","2.1","6.1","8.2","10.4","0","2.8","13.3","2.7","2.1","1.7","0.6","4.3","68.8"
"Arizona Cardinals","DST","ARI","7","2","0","4","1","1","15","1","0","9","5","BYE","0","7","5","11","0","4.3","68"
"Kendrick Bourne","WR","NE","0.9","0.4","2.2","-","2.4","1.1","6.9","1.2","6.7","12.2","9.1","2.7","4.2","13.8","1.1","2.9","0","4.2","67.8"
"Allen Lazard","WR","NYJ","0","0","0","0","0","12.5","4.2","4.2","4.4","2.7","-","2.8","16.3","1.9","1.4","4.5","12.9","4.2","67.8"
"Rashaad Penny","RB","PHI","1.8","12.5","-","-","4.9","-","0","5.5","1.2","-1.8","-","18.9","22.7","1.6","-","-","-","6.7","67.3"
"Cincinnati Bengals","DST","CIN","6","-2","5","2","1","9","2","0","BYE","-1","8","6","13","5","1","0","12","4.2","67"
"John Ross","WR","FA","27.8","17.2","0.2","3.6","-","-","-","-","-","-","-","-","-","2.8","2.4","9","4","8.4","67"
"Evan Engram","TE","JAC","17.6","4.8","17.3","5.4","4.7","-","0.6","10","5","BYE","-","-","-","-","-","-","-","8.2","65.4"
"Mohamed Sanu Sr.","WR","FA","5.7","1.6","7.7","9.1","10.3","2.9","0.3","2.3","14.1","-","1.2","-","1.4","1.3","1.3","2.4","3.5","4.3","65.1"
"Kareem Hunt","RB","FA","0","-","-","-","-","-","-","-","-","7.4","5.8","10.6","12.5","12.8","7.6","4.1","3.6","7.2","64.4"
"Willie Snead IV","WR","FA","10.1","0.5","4.7","12.1","5.1","1.8","0.2","-","1.5","1.2","1.3","13.4","1.2","7.3","1.5","0","2.2","4","64.1"
"Ryan Griffin","TE","FA","1","0","0.5","-","0.2","8.8","0.1","20.6","5","-0.2","16.9","7.3","3","0.8","-","-","-","4.9","64"
"Michael Badgley","K","DET","0","-","-","-","BYE","-","-","-","16","6","10","-","9","10","5","5","3","7.1","64"
"Tyler Eifert","TE","FA","2.7","6.9","1.8","2.7","1.4","1.3","1","7.4","-","8","2.1","0.7","1.2","4.9","4.4","13.7","3.4","4","63.6"
"Jimmy Graham","TE","FA","9","0","0","12.1","4.1","1.7","12.5","2","1.7","5.9","-","0.7","1.6","4.9","0","1.6","4.9","3.9","62.7"
"Auden Tate","WR","ARI","0","0.6","6.8","5","8.6","9.1","6.5","6.5","-","3.6","5.6","1","6.6","1.6","-","-","-","4.7","61.5"
"Taylor Gabriel","WR","FA","2.4","2.5","26.2","-","-","-","0.6","5.3","6.9","9.8","5.7","1.9","-","-","-","-","-","6.8","61.3"
"Jeff Driskel","QB","FA","0","-","-","-","-","-","-","-","-","18.1","27.5","15.6","-","-","-","-","-","15.3","61.1"
"David Blough","QB","ARI","-","-","-","-","-","-","-","-","-","-","-","BYE","18.3","10.2","10.3","8.7","12.9","12.1","60.4"
"Nick Folk","K","NE","-","-","-","-","-","-","-","-","8","BYE","9","9","-","4","12","12","6","8.6","60"
"Devlin Hodges","QB","FA","-","-","-","-","4.7","9.1","-","-","-","-","-","8.8","11.7","13.5","8.5","1.4","1.7","7.4","59.3"
"Preston Williams","WR","CAR","8.4","6.3","6.8","4.6","-","3.1","6.2","4.2","19.2","-","-","-","-","-","-","-","-","7.4","58.8"
"Alexander Mattison","RB","MIN","4.9","2.5","11.8","1.3","5.2","4.3","1.8","6.4","0.6","5.4","0.5","BYE","7.3","6.4","-","-","-","4.5","58.4"
"Jaylen Samuels","RB","FA","0.6","3.1","0","15.5","0.5","-","-","-","6.3","4","10.5","3.2","5.4","3.4","0.4","3.9","1.6","4.2","58.4"
"Marquez Valdes-Scantling","WR","KC","5.2","1.9","15.1","4.7","1.8","5.7","19.3","0.4","0","0","-","0.7","0","0","0","0.6","1.9","3.6","57.3"
"Brian Hill","RB","FA","-","-","-","0","0","-","2.5","8.9","-","13.1","3.8","2.7","3.7","12.2","1.6","6.6","2.1","4.8","57.2"
"Malcolm Brown","RB","FA","17.3","4.7","0.7","1.4","0.3","4","-","-","-","1","7.5","0","3","8.1","0","-0.1","9.2","4.1","57.1"
"Tajae Sharpe","WR","FA","0","2.4","7","0","1.2","0","7.9","7.8","3.1","2","-","0","-","2.5","2.8","18.9","1.3","3.8","56.9"
"Ted Ginn Jr.","WR","FA","10.1","0","1.5","1.9","9.6","4.8","4.8","4.2","-","0.5","7.4","3.8","0","5","1.3","0","1","3.5","55.9"
"Eric Ebron","TE","FA","0.8","8.5","4.7","10.8","0.8","-","13","2.6","1.6","5.6","2.7","4.4","-","-","-","-","-","5","55.5"
"Cameron Brate","TE","FA","0.8","1","0.7","9.6","1.1","10.7","-","3.2","0","0","7.3","0","0.5","9","3.3","1.7","6.2","3.4","55.1"
"Nelson Agholor","WR","BAL","1.1","16.7","15","0","2","4.2","2.4","1.4","2.1","-","4","-","6.1","-","-","-","-","5","55"
"Benny Snell Jr.","RB","FA","0","2.3","0.6","0.1","0","8.9","-","1.3","-","-","-","10.3","12.7","2.1","0.1","1.4","15.1","4.2","54.9"
"Keelan Cole Sr.","WR","LV","0","0","0","1.9","0","0","6.2","7.2","8","-","4.1","1.8","1.1","1.2","7.6","2.9","12.7","3.4","54.7"
"Blake Jarwin","TE","FA","9.9","2.2","0.3","4.9","0","0.6","6.1","-","10.2","3.5","3.8","1.7","0.9","5","4","1.4","0","3.4","54.5"
"Jordan Akins","TE","CLE","1.7","2.5","19.3","2.1","2.1","3.9","1.7","1.1","2.4","-","1.5","2.6","1.9","4.9","0.7","0","5.4","3.4","53.8"
"Tre'Quan Smith","WR","NO","8.6","4.9","-","-","0","-","-","-","BYE","1.3","0","7.3","1.4","8.9","8.1","1.3","11.6","4.9","53.4"
"Alex Erickson","WR","WAS","0.8","1.4","1.3","0","0.7","6.4","13.5","9.7","-","1.3","0","4.3","2.1","5.5","-1.4","5.5","2.1","3.3","53.2"
"Kai Forbath","K","LAR","0","-","-","-","-","-","-","-","BYE","-","-","-","4","-","18","11","20","10.6","53"
"Jacob Hollister","TE","FA","-","-","-","-","-","0","2","1.8","15.7","12.2","-","2.2","4.4","3.4","2.3","6.4","2.5","4.8","52.9"
"Darrel Williams","RB","FA","0","0","10.9","15.6","0","5.2","0.6","1","0.1","1.5","10.3","-","7.6","-","-","-","-","4.4","52.8"
"Gerald Everett","TE","LAC","0.7","2.1","1.5","10.4","13.6","0.9","11","1.5","-","6.8","2","2.3","-","-","-","0","0","4.1","52.8"
"Dawson Knox","TE","BUF","0.1","1.8","13.6","5.8","1.2","BYE","2.2","0","1.4","5.5","9.2","1.1","1.7","3.7","1.1","3.3","-","3.4","51.7"
"Chris Thompson","RB","FA","7.8","5.1","10.8","6","3.8","2","-","-","-","-","-","-","2.9","4.3","2.6","5.2","1.1","4.7","51.6"
"Allen Hurns","WR","FA","2.2","1.3","0.6","-","-","1.6","5.3","7.2","1.6","3.2","3.3","10.2","3.3","6.8","0.9","4.1","-","3.7","51.6"
"Will Dissly","TE","SEA","1.2","17","12.2","11.7","8.8","0","-","-","-","-","BYE","-","-","-","-","-","-","8.5","50.9"
"Derrius Guice","RB","FA","3.8","-","-","-","-","-","-","-","-","-","12.9","3.8","25.7","4.2","-","-","-","10.1","50.4"
"Miami Dolphins","DST","MIA","-3","3","2","0","BYE","1","1","4","8","11","2","-1","3","3","3","2","11","3.1","50"
"O.J. Howard","TE","LV","1.2","0","6.6","3.3","1","3.5","-","-","-","10.7","0","1","6.1","7.3","4.6","4.6","0","3.6","49.9"
"J.D. McKissic","RB","FA","2.4","0.2","4.4","4.1","-","1.1","6","0.1","13.2","5.5","5.3","2","2.4","1.8","0.9","0","0.4","3.1","49.8"
"Russell Gage","WR","TB","1.2","0","0","0","1.2","0.6","-0.7","5.8","-","2.3","3.2","7.6","11.2","1.7","3.3","5.6","6.8","3.1","49.8"
"Adam Humphries","WR","FA","0.5","0","9.3","1.5","3","4.7","4","2.4","6.5","8.3","-","2","7.3","-","-","-","-","4.1","49.5"
"T.J. Hockenson","TE","MIN","19.1","0.7","0.1","8.7","-","2.1","3.2","2.1","5.6","4.7","0.6","0","1.8","-","-","-","-","4.1","48.7"
"Bisi Johnson","WR","FA","0","0","0","3.5","4.3","1.6","10","2.7","6.4","2.5","3.5","-","0.1","6.9","2.5","0.6","3.4","3","48"
"Josh Gordon","WR","FA","13.3","1.9","8.4","4.6","5.9","0.7","-","-","-","2.7","-","1","1","3.4","4.8","-","-","4.3","47.7"
"Foster Moreau","TE","FA","2","0","0.1","9","4.6","-","8.4","1","6.3","0","6.8","0.3","1.5","7.4","-","-","-","3.6","47.4"
"Jordan Wilkins","RB","FA","0","8.6","-0.2","2.8","2.8","-","1.5","0.5","1.2","2","-","0","5.6","0.1","7.7","14.4","-","3.4","47"
"Mike Boone","RB","HOU","0","0","2.8","0","0","0","0","0","0","0","0","-","0","1.3","17.6","3.3","22","2.9","47"
"Hayden Hurst","TE","CAR","4.1","6.1","1.4","3.9","3.2","0.4","1","-","1.5","2","1.6","0","2.1","13.3","1.9","0.9","3.5","2.9","46.9"
"Jalen Richard","RB","FA","0.3","0.5","2.9","1.8","3.2","-","0.7","2.7","6.8","4.3","0.7","5.1","0.8","4.6","3.6","2.9","5.9","2.9","46.8"
"Albert Wilson","WR","FA","1.4","-","-","-","-","1.5","2.2","6.5","0.3","0","2.6","3.7","6.3","0.5","5.9","8.8","6.7","3.6","46.4"
"Vance McDonald","TE","FA","4","15.8","1","-","3.4","0.5","-","1.9","9","1.3","3.3","0.1","2.1","0.3","-","0.9","1.9","3.3","45.5"
"Patrick Laird","RB","TB","-","0","0","0","-","0","0","0","0","1.9","5.8","2","12.8","8.6","5.4","1.8","6.9","3","45.2"
"Ricky Seals-Jones","TE","FA","-","0","1.4","14.2","0","10.7","-","0","1.2","-","0","0","0","2.2","12.9","2.3","0","3.2","44.9"
"Kaden Smith","TE","FA","-","-","-","-","-","0","-","-","0","0.1","-","7.7","7","0.9","3.8","15.5","9.8","5","44.8"
"Nick Boyle","TE","FA","2.6","1.4","5.8","0.9","0","1.8","2","-","8.7","7.8","2","0.7","0.4","7","0","2.4","0.6","2.8","44.1"
"Jeff Wilson Jr.","RB","MIA","0","15.4","13.8","-","BYE","0","2","0.6","0.2","-","8.5","2.7","0.7","-","0","-","-","4","43.9"
"Irv Smith Jr.","TE","CIN","0","-0.1","6","0.5","0","2.9","6","2.1","3.3","3.4","8","-","0.6","2.1","6.8","0.4","1.1","2.7","43.1"
"David Moore","WR","FA","0","-","2.9","0.9","7","3.6","1.4","2.5","1.8","0","-","3.5","12.5","1.5","0","2","3","2.8","42.6"
"Matt Moore","QB","FA","-0.1","-","-","-","-","-","8.6","19","15","-","-","-","-0.1","-","-","-0.1","-","7","42.3"
"Bo Scarbrough","RB","FA","-","-","-","-","-","-","-","-","-","-","11.5","7.8","8.3","7","-","3.4","4.2","7","42.2"
"Brandon Bolden","RB","LV","0.7","-","1.9","6.4","10.2","10.5","4.1","0","0","-","0","1.1","0","7","0","0","0","2.8","41.9"
"Justice Hill","RB","BAL","2.7","1.4","0.1","1.7","0.7","3.1","0","BYE","0.7","1.1","2.7","2.7","0.3","0.8","1.5","11.1","10.9","2.6","41.5"
"Geronimo Allison","WR","FA","0","6.5","-0.1","11.9","2.8","4","3.3","0.7","2.1","0.6","-","0.9","2","1.1","1.9","2","1.7","2.6","41.4"
"Dion Lewis","RB","FA","1.3","1.4","2","2","3","1.9","0.2","0.2","3.3","0","-","4.5","0.9","3.1","8.1","8.8","0.7","2.6","41.4"
"Josh Reynolds","WR","DET","0","0","0","2.2","1.2","0","0","13.2","-","4.9","5","0.8","3.9","2.9","3.6","3.2","0","2.6","40.9"
"Josh Hill","TE","FA","-0.2","0","0.4","2.9","3.9","0.8","10.3","3.9","-","0","0.8","1.2","0.2","6.4","6.5","0","3.5","2.5","40.6"
"Dare Ogunbowale","RB","HOU","3.3","0.9","2.3","1.6","2.3","8.5","-","0.1","7.3","2.4","1","1.2","1.2","2.8","1.6","3.4","0.4","2.5","40.3"
"Damiere Byrd","WR","FA","4.2","4.5","0.9","-","-","6","0.4","1.8","-","-","-","-","0","1","8.6","1.1","11.4","3.6","39.9"
"Nick Foles","QB","IND","7","-","-","-","-","BYE","-","-","-","-","18.8","14.9","-1","-","-","-","-","9.9","39.7"
"Marcus Johnson","WR","FA","0","-","-","-","-","-","-","-","-","0.9","9.8","0","5.5","16.5","3.7","0.2","3.1","4.4","39.7"
"Seth Roberts","WR","FA","1","0","3.7","3.6","0","2.3","0.9","-","0","0","7.5","3.9","0.5","0.8","12.6","2.3","0","2.4","39.1"
"Giovani Bernard","RB","FA","6.3","1.3","1.2","1.9","2.6","2.4","0.4","4.5","-","-1.2","4.6","3","1.2","4.6","3.7","1.5","0.4","2.4","38.4"
"Kalen Ballage","RB","FA","1.2","1.2","2.7","0.7","-","6.7","6.7","1.9","1.9","4.5","7.7","2.6","0","-","-","-","-","3.2","37.8"
"Miles Boykin","WR","FA","6.5","1.1","0","9.2","0","2.8","5.5","-","0","0","0","5.4","0","0","6.5","0.8","0","2.4","37.8"
"Wayne Gallman Jr.","RB","FA","10.1","0","1.3","21.8","1.4","-","0","2","0","0.5","-","0.1","-","-","-","-","-","3.7","37.2"
"Ryquell Armstead","RB","FA","0.7","0","0","10.9","0.6","0.1","0.3","0.7","6.5","-","1.9","0","0","0.7","0.1","0.2","14.5","2.3","37.2"
"Kelvin Harmon","WR","FA","3.1","0","0","1.4","0.4","0.8","0","1.2","0.6","-","5.3","4.3","5.1","3","2.2","6.2","3.3","2.3","36.9"
"Paul Richardson Jr.","WR","FA","3.6","7.6","14.3","1.4","1.4","0","0","3.4","4.2","-","-","0.6","-","-","-","-","-","3.7","36.5"
"Isaiah McKenzie","WR","IND","0","10.4","1.9","0","5.2","BYE","1.1","-","1.2","1.9","3.1","0.8","3.4","2.5","0","1.1","3.7","2.4","36.3"
"Ty Johnson","RB","NYJ","0.6","3.6","0.5","1.4","-","0","5.7","3.8","3.6","1.9","0.6","2.1","2.9","1","0","2","6.5","2.3","36.2"
"C.J. Uzomah","TE","NYJ","6.6","0","0","0","1.6","2.6","0","0.4","-","0","0.5","0","5.1","0.4","0.8","9.7","8.5","2.3","36.2"
"Ty Long","K","FA","7","4","9","16","0","0","0","0","0","0","0","-","0","0","0","0","0","2.3","36"
"Jakobi Meyers","WR","LV","2.2","-","3.8","0","0.6","5.4","4.7","0.5","0","-","0.7","7.4","4.6","3.5","0","2.5","0","2.4","35.9"
"DaeSean Hamilton","WR","FA","0.5","1.5","0","5.7","0","2.5","0.4","0","0","-","0","0","1.2","3.6","1.3","12.5","6.5","2.2","35.7"
"Jonathan Williams","RB","WAS","-","-","-","-","0","-","-","-","-","0.1","14.7","18.1","2.5","0","0","0","0","3.9","35.4"
"Demetrius Harris","TE","FA","0","0.4","6.2","0","0","2","-","9.3","2.5","2.8","0","2","2.3","-","1.3","6.1","0","2.3","34.9"
"Brandon Allen","QB","FA","-","-","-","-","-","-","-","-","17","-","14.4","3.1","-","-","-","-","-","11.5","34.5"
"Tavon Austin","WR","FA","0.8","-","-","0.8","2.7","6.4","8","-","0","0.7","0","0","2.2","0","12.2","0.5","0.1","2.5","34.4"
"Matt Schaub","QB","FA","0","-","-","-","-","0","6.5","21.4","-","-","-0.1","6.2","-","-0.1","-","-","-","4.8","33.9"
"Marvin Hall","WR","FA","-","-","0","4.7","-","5.8","4.7","10.9","0.7","0","3.9","2.1","-","-","-","-","-","3.6","32.8"
"Greg Ward","WR","PHI","-","-","0","-","-","-","-","-","-","BYE","-","4","0.5","3.4","12.1","7.6","4.3","4.6","31.9"
"Vyncint Smith","WR","IND","0","-","-","-","7.9","0.5","0","2.3","2","0","-2","2.2","2.3","3.7","4","3.2","5.6","2.3","31.7"
"Keke Coutee","WR","FA","0","0.7","0","2.1","7.2","3.9","8.9","-","-","-","2.5","-","-","4.8","-","-","0.7","3.1","30.8"
"Kyle Juszczyk","RB","SF","0","1.1","5.1","BYE","2","-","-","-","-","0","6.3","0","0","2.2","6.7","2.3","4.9","2.6","30.6"
"Malik Turner","WR","IND","0","5.4","1.9","0","0","0","2.4","2.1","0","3.5","-","9.3","0","1","2.6","2.3","-","2","30.5"
"Pharoh Cooper","WR","ARI","0","-","-","-","3.3","1.8","2.9","0","1.5","2.9","9.5","BYE","2.6","0.5","1.7","1.4","2.4","2.3","30.5"
"Jeremy Sprinkle","TE","FA","0.8","1.1","1.9","2","1.7","2.4","1.3","1.2","1.6","-","7.6","0.4","3.6","0","1.3","1.4","1.8","1.9","30.1"
"Mike Nugent","K","FA","0","-","-","-","9","5","7","9","-","-","-","-","-","-","-","-","-","6","30"
"Stephen Gostkowski","K","FA","16","7","6","1","-","-","-","-","-","-","-","-","-","-","-","-","-","7.5","30"
"Chester Rogers","WR","FA","0","2.4","0","10.8","0","-","2.4","0.7","6.2","3.1","2.9","1.2","0","-","-","-","-","2.5","29.7"
"Qadree Ollison","RB","JAC","-","-","-","-","-","-","-","-","-","0","7.1","8.7","0","0.6","6.1","6.3","0.9","3.7","29.7"
"Chase Daniel","QB","FA","0","-","-","12.2","15.4","-","-","-","-","-","0.4","-","0","-","-","-","-","5.6","28"
"Cairo Santos","K","CHI","13","6","1","7","1","BYE","-","-","-","-","-","-","-","-","-","-","-","5.6","28"
"Jake Kumerow","WR","FA","0","1.2","-","-","0.9","1.7","11.4","4.8","0","2.3","-","0","0","0","4.9","0","0.7","2","27.9"
"Justin Watson","WR","FA","0","0","0","1.3","0","0","-","0","0","0","0","0","0","11.9","1.7","10.3","2.7","1.7","27.9"
"DeSean Jackson","WR","FA","27.4","0","-","-","-","-","-","-","0.5","-","-","-","-","-","-","-","-","9.3","27.9"
"Scotty Miller","WR","ATL","-","-","0","0","1.8","3.9","-","0","0","3.3","7.1","0.6","-","-","10.9","-","-","2.8","27.6"
"N'Keal Harry","WR","FA","-","-","-","-","-","-","-","-","-","-","1.8","7","0","1.2","9.7","3.9","3.8","3.9","27.4"
"James O'Shaughnessy","TE","FA","3.2","2.8","7.8","7.8","5.7","-","-","-","-","-","-","-","-","-","-","-","-","5.5","27.3"
"Ryan Succop","K","FA","0","-","-","-","-","-","-","-","2","3","-","6","7","6","3","-","-","3.9","27"
"Jakeem Grant Sr.","WR","CLE","-2.3","1.8","3.1","0.4","-","-","0","3.2","3.3","1.5","15.9","0","-","-","-","-","-","2.7","26.9"
"Ryan Finley","QB","FA","-","-","-","-","-","-","-","-","-","9.9","6.3","10.5","-","-","-","-","-","8.9","26.7"
"Anthony Firkser","TE","FA","0","0","0","-","0","2.5","2.7","4.3","0","9.6","-","0","2.2","3.9","0.7","0","0.5","1.8","26.4"
"Andy Isabella","WR","BAL","0","-","0","0.5","1.1","0","0.8","0","14.8","7.8","0.6","-","0","0.5","0.3","0","0","1.8","26.4"
"Maxx Williams","TE","FA","1.5","2.1","0","2.1","0.7","9.4","0.5","0.9","1.2","1.5","0","-","0","0","0.4","3.6","2.3","1.6","26.2"
"Dontrell Hilliard","RB","FA","7.8","-","0","11.4","0","1.7","-","3.4","1.4","0","0","0","0","0","0","0.4","-","1.9","26.1"
"Marquise Goodwin","WR","CLE","0.7","13.7","4.1","-","5.6","1.5","0","-","-","0","0.5","-","0","-","-","-","-","2.9","26.1"
"Damion Ratley","WR","FA","1.7","5","2.6","1","0","-","-","-","-","0","0","0","0","0","3.3","0","12.4","2","26"
"Trey Quinn","WR","FA","9.3","3.6","3","1","-0.2","0.8","3","1.5","0.9","-","2.9","0","0","-","-","-","-","2.2","25.8"
"Isaiah Ford","WR","FA","0","-","-","0.9","-","0","0","-","-","-","-","-","0","9.2","2.1","6.8","6.5","2.8","25.5"
"Ito Smith","RB","FA","4","4.5","0","9.1","6.4","0.6","0.7","-","-","-","-","-","-","-","-","-","-","3.6","25.3"
"Brian Hoyer","QB","LV","0","-","-","-","-","-","-","-","16.3","9.2","-0.2","-","-","-","-","-0.2","-","5","25.1"
"KeeSean Johnson","WR","BUF","4.6","5.1","1.3","1.9","2.5","1.4","0.6","-","8.2","0","-0.6","-","-","-","-","-","-","2.5","25"
"Dan Arnold","TE","FA","0","-","-","-","-","-","0","2.5","-","-","-","-","-","-","6.6","2","13.6","4.1","24.7"
"Cordarrelle Patterson","RB","ATL","0.1","5","2","0.7","0.5","-","8.3","0.6","0.5","0","0","0","0","2.8","0.6","2.1","1.4","1.5","24.6"
"Javon Wims","WR","ARI","0","0","0.8","5.6","0","-","6.6","0","0","0","1.1","0","5.6","0","0","2.6","2.3","1.5","24.6"
"Myles Gaskin","RB","MIA","-","-","-","-","BYE","-","-","-","-","0","0","1.7","2.6","1.1","7.2","11.8","-","3.5","24.4"
"Laquon Treadwell","WR","SEA","0","-","-","0","0","1.5","0","0.1","5.8","1","0","-","11.8","4.2","0","0","0","1.7","24.4"
"Ameer Abdullah","RB","LV","0.8","0.2","0","1.4","2.4","0","0","0","7.8","0","-0.4","-","0","0.2","2.5","5.8","3.6","1.5","24.3"
"Dante Pettis","WR","FA","0.7","0.6","8","-","1.1","4.5","0","0.5","8.1","0","0","0","-","-","-","-","-","2.1","23.5"
"Reggie Bonnafon","RB","FA","0","0","0.5","0","14","0","-","0.7","1.3","0","0.8","0","0","0.6","0","1.2","4.2","1.5","23.3"
"Logan Thomas","TE","WAS","0","0.7","1.5","2.5","-","0","0","1.7","1.3","1.9","0","8.4","0","2.1","0","1.7","1.5","1.5","23.3"
"Bennie Fowler III","WR","FA","4","7.1","0.5","0.3","-","-","3.5","2.1","2.2","3.6","-","-","-","-","-","-","-","2.9","23.3"
"Darwin Thompson","RB","SEA","0.3","0.1","0.8","0","-","0","-","-0.1","-","0.7","BYE","-","10.4","4.3","3.9","1.4","1.3","1.9","23.1"
"Byron Pringle","WR","FA","0","0","0.7","1.3","16.3","2.4","0","0","0","0","0.9","-","0","1.4","0","0","0","1.4","23"
"Josh Rosen","QB","FA","-0.8","2.9","9.3","10.2","-","1.4","-","-","-","0","-","-","-","-","-","-","-","3.8","23"
"J.J. Arcega-Whiteside","WR","FA","0","0.4","1","0","0","0","0","0","0","-","2.9","4.3","7.5","2.9","0","3.9","0","1.4","22.9"
"Duke Williams","WR","FA","-","-","-","-","8.9","-","2.3","0.6","-","-","-","-","-","-","-","-","10.8","5.7","22.6"
"Justin Jackson","RB","FA","6.1","6.4","3","-","-","-","-","-","1.4","-","-","-","-","2.5","1.7","-","1.1","3.2","22.2"
"Zay Jones","WR","JAC","1.8","1.4","3.3","0.4","0","-","-","2.7","2.4","1","2.5","0.5","1.4","0.5","0.5","1.4","2.1","1.5","21.9"
"Tim Patrick","WR","DEN","0","-","-","-","-","-","-","-","-","BYE","7.7","0.3","0","5","2.6","4.8","1.4","2.7","21.8"
"Marcedes Lewis","TE","FA","1.4","0","1.9","1.9","1.7","5","0","1.1","0","0","-","0","6.1","0.5","0.6","0.2","1.2","1.4","21.6"
"Ross Dwelley","TE","SF","0","0","0","BYE","-0.3","0","0.2","0","2.9","2.4","13.4","0","0","0","0","2.5","0","1.3","21.1"
"Jaeden Graham","TE","FA","0","0","0","0","0","2.1","0","1.1","-","0","2.3","5.3","10.1","0","0","0","0","1.3","20.9"
"C.J. Ham","RB","MIN","0","0","0","1","-0.1","0","7.4","0","3.7","-0.1","0.6","BYE","2.2","2.5","1.8","1.2","0.4","1.3","20.6"
"Kalif Raymond","WR","DET","-","-","-","-","BYE","-","-","0","1.9","5.2","-","0.9","10","1.1","0.2","1.2","-","2.6","20.5"
"Richie James Jr.","WR","FA","9.9","0.7","0.2","-","0","0","4","0","0","0","5.7","0","0","-0.1","0","0","0","1.3","20.4"
"Parris Campbell","WR","NYG","0.8","7.2","2.4","0.5","-","-","-","0","8","-","BYE","-","-","1.2","-","-","-","2.9","20.1"
"Ian Thomas","TE","CAR","0","0","0","0","0","0","BYE","0","0","0","0","0.4","2.4","11.7","2.3","1.6","1.2","1.2","19.6"
"Justin Hardy","WR","FA","4.1","0","0.6","0","0.5","0","1.9","2.3","-","0","1.4","0","2.8","1.9","0","0","4","1.2","19.5"
"Derek Carrier","TE","FA","0","3.3","0","0","2.2","-","2.2","0","2.7","0","0","0","7","0","0.5","1.2","0.4","1.2","19.5"
"Ty Montgomery","RB","NE","0.4","4","0.1","-","0.1","1.7","0.9","0","0","0","1.1","2.3","0.8","6.1","1","0.8","0","1.2","19.3"
"Matt LaCosse","TE","FA","0","3.3","-","0","2.2","0","-","-","-","-","0.3","0.5","2.4","1.4","2.2","6.8","0","1.6","19.1"
"C.J. Prosise","RB","FA","0","2","4.3","6.4","-","0.3","1.7","-","-","-","-","-","-","0.2","2.5","1.4","-","2.1","18.8"
"Darrell Henderson Jr.","RB","FA","0","-","-","0","0","4.8","3.9","6.9","-","0.4","0","0","1.7","0","0","0.7","-","1.4","18.4"
"Vernon Davis","TE","FA","11.9","2.9","3","0.5","-","-","-","-","-","-","-","-","-","-","-","-","-","4.6","18.3"
"Dontrelle Inman","WR","FA","0.5","2.8","2.3","7.6","-","-","-","-","-","-","-","-","-","-","2.5","1.8","0.6","2.6","18.1"
"Robert Griffin III","QB","FA","7.1","-","-","-","-","-","-","-","-","0.7","0.5","1.3","-","0","0.6","-","7.8","2.6","18"
"Cody Parkey","K","FA","0","-","-","-","-","0","6","12","-","-","-","-","-","-","-","-","-","4.5","18"
"AJ McCarron","QB","FA","0","-","-","-","-","-","-","-","-","-","0","-","-","-","-","-","17.9","6","17.9"
"Cam Newton","QB","FA","6.4","11.3","-","-","-","-","-","-","-","-","-","-","-","-","-","-","-","8.8","17.7"
"Olamide Zaccheaus","WR","FA","-","-","-","-","-","0","-","0","-","0","0","0","0","15.3","0","0","2.2","1.8","17.5"
"Ryan Izzo","TE","FA","0.3","0","4.1","0","9.9","3.1","-","-","-","-","-","-","-","-","-","-","-","2.9","17.4"
"Devin Smith","WR","FA","0","13.4","3.9","0","-","-","-","-","-","-","-","-","-","-","-","-","-","4.3","17.3"
"Benjamin Watson","TE","FA","-","-","-","-","-","-","1.8","2.6","2.8","-","5.2","0","2.3","0.7","0","1.5","0.4","1.7","17.3"
"Travis Homer","RB","CHI","0","0","0","0","0","0","0","0","0","0","-","0","2.9","0","0.7","4.2","9.2","1.1","17"
"Nick O'Leary","TE","FA","0","0.6","1.9","0.9","-","0.3","0","0","-","-","-","3.6","0.6","9","0","0","-","1.4","16.9"
"T.J. Yeldon","RB","FA","0","0","2.9","6.8","2.8","-","-","-","-","-","-","-","-","-","-","-","4.2","2.8","16.7"
"Nick Vannett","TE","NYG","1.6","1.3","0.9","2.8","0","0.5","-","1.5","0","0.8","0.7","0","0.7","0","4","1.8","0","1","16.6"
"Hale Hentges","TE","FA","-","-","-","-","-","0","0","1.3","0","-","0","0","0","0","0","8.8","6.2","1.5","16.3"
"Robert Tonyan","TE","CHI","2.8","0","0.4","1.1","2.3","BYE","-","-","-","-","-","0.8","0","7.2","0.5","0","0.9","1.5","16"
"Andrew Beck","TE","HOU","0","0","0","0","1","0","0","0","0","BYE","0","1.8","1.1","2.9","1.3","0.6","6.8","1","15.5"
"MyCole Pruitt","TE","FA","0","0","0","0","0","0","0","0","0","0","-","2","0","4.2","0","1.5","7.3","0.9","15"
"Joshua Perkins","TE","FA","-","-","-","-","-","-","-","-","-","-","-","-","0","3.7","0","0","11","2.9","14.7"
"Wendell Smallwood","RB","FA","0","1.3","0","1.4","2.7","0.4","4.1","2","0.3","-","1.1","0.3","-","0.4","0","0","0.5","1","14.5"
"DeAndre Carter","WR","LV","-0.1","0","0","0","-2","0","0","4.6","0.8","-","0","0","0","0","0","4.4","6.5","0.9","14.2"
"Jesse James","TE","FA","1.5","1.8","1.3","0","-","0.8","0.7","0","0.3","0","0","0.7","0","2.3","3.1","1.2","0.5","0.9","14.2"
"Seth DeValve","TE","FA","0","0","0","0","0","1.6","0","1.1","4.1","-","-","-","-","-","2.3","4.5","0.4","1.2","14"
"Trey Edmunds","RB","FA","0","-","-","-","-","0","-","0","7.3","1.5","3.8","0.7","0","0.7","0","0","0","1.2","14"
"Virgil Green","TE","FA","0.4","0.9","0","-","0.5","1.5","0.9","1","0","0","0.8","-","0","7.4","0","0.4","0","0.9","13.8"
"Ben Roethlisberger","QB","FA","10.7","3","-","-","-","-","-","-","-","-","-","-","-","-","-","-","-","6.9","13.7"
"Keelan Doss","WR","LAC","-","0","0","1.4","1.1","-","5.4","-","-","-","-","BYE","1.1","2.6","1.7","-","-","1.7","13.3"
"Daniel Brown","TE","FA","0","0","0","-","0","0","0","0","0","0","8","0","0.9","0.7","0.4","0","3.2","0.8","13.2"
"Kerrith Whyte Jr.","RB","FA","-","-","-","-","-","-","-","-","-","-","-","4.3","1","5","0.5","2.2","0.1","2.2","13.1"
"Tyler Kroft","TE","FA","0","-","-","-","-","-","0","3.2","0","0","0.6","1.4","0","0","7.4","0","0.5","1.1","13.1"
"Jesper Horsted","TE","LV","-","-","-","-","-","-","-","-","-","-","-","0.4","7.8","3.6","-1.1","2","0","2.1","12.7"
"Mack Hollins","WR","ATL","0","5","6.2","1.3","0","0","0","0","0","-","0","0","0","0","0","0","0","0.8","12.5"
"Deon Cain","WR","FA","3.5","0","1","0","0.7","-","0","-","0","-","-","3.5","0.5","2.2","0","1","0","1","12.4"
"Antonio Brown","WR","FA","-","12.1","-","-","-","-","-","-","-","-","-","-","-","-","-","-","-","12.1","12.1"
"Alec Ingold","RB","MIA","0","0","0","0.1","0.3","-","0","0.2","0.2","7.2","0.3","0","1.7","-0.1","2.2","0","0","0.8","12.1"
"Rashard Higgins","WR","FA","4.6","-","-","-","-","-","-","0.2","0","6.7","0","0","0","0","0","0","-","1.2","11.5"
"Tommy Sweeney","TE","NYG","3.5","0","0.3","0","0","-","-","-","-","-","BYE","-","-","-","-","-","7.6","1.9","11.4"
"Stephen Carlson","TE","FA","-","-","-","-","-","-","-","-","0","0","6.8","0.8","2.8","0","0","0.7","0","1.2","11.1"
"Patrick Ricard","RB","BAL","6.1","0.3","0","0","0","0.6","0","BYE","0.8","0","2.7","0","0.2","0","0","0","0","0.7","10.7"
"Jamal Agnew","WR","JAC","-2","0","6","0","-","0.9","0","0","0","0","0","-","-","-","0","6","-0.2","0.8","10.7"
"Brandon Zylstra","WR","FA","-","-","-","-","0","0","-","0","0","-","-","-","-","0.7","0","0.3","9.6","1.3","10.6"
"Andy Janovich","RB","FA","0","-","-","0","0","0.8","2.2","0.9","0","-","6.4","-","-","-","-","-","-","1.3","10.3"
"Derek Watt","RB","FA","0.4","0.3","-0.1","2.1","0.8","0","0","0.2","0","0.1","0","-","0","6.4","0","0","0","0.6","10.2"
"David Njoku","TE","CLE","9.7","0","-","-","-","-","BYE","-","-","-","-","-","-","0.4","-","-","0","2.5","10.1"
"Danny Vitale","RB","FA","0","0","2.7","1.8","0.9","0","4.3","0","0","0","-","0.3","0","0","0","0","-","0.7","10"
"Troy Fumagalli","TE","FA","0","0.7","0","-","-","-","-","-","0.9","-","6.3","0","0","0.3","0.7","0","0.9","0.9","9.8"
"Marcell Ateman","WR","FA","0","-","-","-","0","-","3.6","-","3.4","0","0","0","0","0","0","0","2.6","0.8","9.6"
"J.J. Nelson","WR","FA","0","-","9.6","-","-","-","-","-","-","-","-","-","-","-","-","-","-","4.8","9.6"
"Braxton Berrios","WR","MIA","0","0","2.9","-","0","0","-1.9","0","0","0","0","6.9","0.5","0","0","0","1.1","0.6","9.5"
"Deonte Harty","WR","BUF","0","-0.7","4","1","0","0","0","1.7","-","0","-","-","0","2.1","0.1","0","1.3","0.7","9.5"
"Marshawn Lynch","RB","FA","0","-","-","-","-","-","-","-","-","-","-","-","-","-","-","-","9.4","4.7","9.4"
"Robert Foster","WR","FA","0","0","0","-","-","-","-","0","0","2","0","4.6","2.7","0","0","0","0","0.7","9.3"
"Mo Alie-Cox","TE","IND","0.3","0","2.5","0","1","BYE","0","0","1.1","0","0","0","0","0.8","0","2.1","1.5","0.6","9.3"
"D'Ernest Johnson","RB","JAC","3.6","5","0","0","0.6","0","-","0","0","0","0","0","0","0","0","0","0","0.6","9.2"
"Kenjon Barner","RB","FA","0","0","0.4","-","-","0","0","0.1","-","1.2","7.6","0.8","0.6","0","-1.6","0","0","0.7","9.1"
"Christian Blake","WR","FA","-","-","-","-","-","-","-","0","-","1.5","0.3","1.6","5.7","0","0","0","0","1","9.1"
"Lee Smith","TE","FA","0","0.8","0","0","6.8","-","0.9","0.6","0","0","0","0","0","0","0","0","0","0.6","9.1"
"J.P. Holtz","TE","FA","0","-","0","0.7","1.6","-","0","0","0","0","0","0","0","5.6","-0.1","1.3","0","0.6","9.1"
"Greg Joseph","K","MIN","0","-","-","-","-","-","-","-","-","-","-","BYE","-","-","-","4","5","3","9"
"Matt Barkley","QB","BUF","0","-","-","4.1","-","BYE","-","-","-","-","-","-","-","-","-","-","4.9","3","9"
"Antonio Callaway","WR","DAL","0","-","-","-","0","2.2","-","1.1","5.6","-","-","-","-","-","-","-","-","1.8","8.9"
"Trey Burton","TE","FA","0","0.5","2","1.6","1.6","-","1.1","1.6","0","0","-","-","-","-","-","-","-","0.9","8.4"
"Damion Willis","WR","FA","3","0.6","0","0.8","3.8","0","0","-","-","-","0","0","0","-","-","-","-","0.8","8.2"
"Trent Sherfield","WR","BUF","0","0","0","1.5","2.3","3.8","0.4","0","0","0","0","-","0","0","0","0","0","0.5","8"
"Luke Willson","TE","FA","0","-","-","2.6","1","1.6","0","0.7","2","0","-","-","-","-","-","0","-","0.9","7.9"
"Alex Armah Jr.","RB","WAS","6.1","0","0.6","0","0.4","0.4","-","0","0","0","0","0","0.2","0","0","0","0","0.5","7.7"
"KhaDarel Hodge","WR","FA","0","0","0","0","0","0","-","0","1","0","4.1","0","0","0","0","0.6","1.9","0.5","7.6"
"Ventell Bryant","WR","FA","-","-","-","-","0","0","0","-","0","0","0","0","7.5","0","0","0","0","0.6","7.5"
"Troymaine Pope","RB","FA","0","-","0","9.4","0","0","0","0","-","0","0","-","-2","0","0","0","0","0.5","7.4"
"Adam Shaheen","TE","FA","0.6","2.4","0.7","1.3","0","-","4.4","0","-2","-","-","-","-","-","-","-","-","0.9","7.4"
"Cethan Carter","TE","FA","0","0","0","0","0","0","0","0","-","0","0","0","-","0","7.3","0","0","0.5","7.3"
"Chad Beebe","WR","FA","0.9","6.1","0","-","-","-","-","-","-","-","-","-","-","-","-","-","-","2.3","7"
"Chris Hogan","WR","FA","0","1.2","0.6","0.6","-","-","-","-","-","-","-","-","-","-","1.3","1.6","1.4","1","6.7"
"Blake Bell","TE","KC","0.7","0","0.1","0","0","0","0","0","0.2","0","-","BYE","0","0","4.1","1.5","0.1","0.4","6.7"
"Dwayne Washington","RB","NO","0","0","0","0","0","0","0.6","3.8","BYE","0","0","0","0","0","2","0","0.2","0.4","6.6"
"Devontae Booker","RB","FA","0","0","0","0","0","0","0","0","1.4","-","0.4","0","0","2.4","0.5","0.2","1.7","0.4","6.6"
"Geoff Swaim","TE","FA","1.7","1.4","0.8","1.7","0.4","0.5","-","-","-","-","-","-","-","-","-","-","-","1.1","6.5"
"Durham Smythe","TE","MIA","0","2.4","0","0","BYE","0","0","0","0","0","0","0","1.3","0.2","0","1.8","0.8","0.4","6.5"
"Tevin Jones","WR","FA","-","-","-","-","-","-","-","-","-","-","2.4","0.9","2.8","0","0","-","-","1.2","6.1"
"Brett Hundley","QB","FA","-","-","-","-","-","-","-","0","-","-","-","-","-","-","-","5.5","0.6","2","6.1"
"Tyrod Taylor","QB","NYG","0","0","0","0.2","0","-","-","-","-","-","BYE","-","0","6","-","-0.2","-","0.8","6"
"Chris Lacy","WR","LV","0","0","-","-","-","-","-","-","-","-","-","-","0","0","4.8","0","1.2","0.9","6"
"Tyler Conklin","TE","NYJ","0","0","0","0","0","0","0","0","0","0","2.8","-","0.8","1.3","0","0","0.9","0.4","5.8"
"Andre Patton","WR","FA","-","0","-","2.2","0","-","0","0","0","0","0","-","0.8","0","0.8","1.8","0","0.4","5.6"
"Khari Blasingame","RB","CHI","-","-","-","-","-","BYE","-","-","-","-","-","0","0","4.7","0","0","0.7","0.9","5.4"
"Will Grier","QB","DAL","-","-","-","-","-","-","-","BYE","-","-","-","-","-","-","-","7.7","-2.3","2.7","5.3"
"Luke Stocker","TE","FA","0","0.4","1.2","0","0","0","0","1.8","-","0","0","0","-","0","0.9","0","1","0.4","5.3"
"Colt McCoy","QB","ARI","0","-","-","-","5.3","-","-","-","-","-","-","BYE","-","-","-","-","-","2.6","5.3"
"DeAndrew White","WR","FA","-","-","-","-","-","-","-","0.8","0","0","0","0","0","0","0","1.2","3.1","0.5","5.1"
"Devine Ozigbo","RB","FA","-","-","-","-","0","0","-","-","0","-","0","0","0","0","0","0","5","0.5","5"
"Deon Yelder","TE","FA","0","-","0","4.3","0","0","0","0","0","0.7","0","-","-","-","-","-","-","0.5","5"
"Mike Davis","RB","FA","3.6","0.1","0.2","-","0","-","0","0.8","0","-","-","-","0","0","0","0","0.2","0.4","4.9"
"Trevon Wesco","TE","TEN","0","0","0","-","0","0","0","0","0","1.7","0","0","0","0","0","3.2","0","0.3","4.9"
"Taiwan Jones","RB","FA","0","-","-","0","0","-","0","0","0","-","0","0","0","-","-","0","4.9","0.4","4.9"
"Elijhaa Penny","RB","FA","0.3","0","0","1.2","2.4","0.6","0","0.3","0","0","-","0","0.2","0","-0.2","0","0","0.3","4.8"
"Patrick DiMarco","RB","FA","0.9","0.4","0","0","0","-","3.1","0","0","0.4","0","0","0","0","0","0","0","0.3","4.8"
"Deontay Burnett","WR","FA","0","-","-","-","-","-","-","-","-","-","-","-","-","-","-","-","4.8","2.4","4.8"
"Cedrick Wilson Jr.","WR","MIA","-","0","0","0","BYE","4.6","0","-","-","-","-","-","-","0","-","-","-","0.8","4.6"
"Alexander Hollins","WR","FA","-","-","-","-","-","-","-","-","-","-","-","-","0","0","0","0","4.6","0.9","4.6"
"Jason Moore Jr.","WR","FA","-","-","-","-","-","4.3","0","0","0","0","0","-","-","0","0","0","0","0.4","4.3"
"Mike Glennon","QB","FA","0","-","-","-","-","-","5.4","-","-","-","-","-1.2","-","-","-","-","-","1.4","4.2"
"Paul Perkins","RB","FA","-","-","-","-","-","0","-","0.4","1.6","1.8","-","-","-","-","-","-","-","1","3.8"
"Steven Mitchell Jr.","WR","FA","0","-","-","-","-","-","-","0","0","-","-","-","-","-","-","-","3.7","0.9","3.7"
"Jordan Matthews","WR","FA","-","-","-","-","-","-","0","-","-","-","0.6","2.7","-","-","-","-","-","1.1","3.3"
"Devin Funchess","WR","FA","3.2","-","-","-","-","-","-","-","-","-","-","-","-","-","-","-","-","3.2","3.2"
"C.J. Board","WR","TEN","-","-","-","-","-","-","0","-","2.3","-","BYE","-","-","-","0.8","-","0","0.8","3.1"
"Ross Travis","TE","FA","-","-","-","-","-","-","-","-","-","-","-","-","1.1","0.1","-","1.9","-","1","3.1"
"Anthony Sherman","RB","FA","1.5","0","0","0","0.2","0","0.7","0","0","0","0","-","0.7","0","0","0","0","0.2","3.1"
"Travis Benjamin","WR","FA","1.2","0","0.5","-","1.3","0","-","-","-","-","-","-","-","-","-","-","-","0.6","3"
"Drew Sample","TE","FA","0","2.5","0","0","0","-0.1","0.3","0","-","0.3","-","-","-","-","-","-","-","0.3","3"
"Johnny Holton","WR","FA","0","0","0.9","0","0.4","0","-","0","0","0","1.8","0","0","0","-0.1","0","0","0.2","3"
"Codey McElroy","TE","FA","-","-","-","-","-","-","-","-","-","-","-","-","-","-","-","3","-","3","3"
"Jay Ajayi","RB","FA","0","-","-","-","-","-","-","-","-","-","-","1.6","0.9","0.5","-","-","-","0.8","3"
"Cody Core","WR","FA","0","2.8","0","0","0","0","0","0","0","0","-","0","0","0","0","0","0","0.2","2.8"
"Andre Roberts","WR","FA","-","-","0","0.6","0.7","-","0","0","0","0.7","0","0","0","0","0.7","0","-","0.2","2.7"
"Pharaoh Brown","TE","IND","0","0","0","1.8","0","0.9","-","0","-","0","0","-","-","-","-","-","-","0.3","2.7"
"Cam Sims","WR","LV","0","-","-","-","0","-","-","-","-","-","0","-","0","0","0","1.5","1.2","0.3","2.7"
"Ryan Switzer","WR","FA","2.9","0","0","0","0","-0.2","-","0","0","0","-","-","-","-","-","-","-","0.3","2.7"
"Johnny Mundt","TE","MIN","0","-","0","-","0","0","0","0","-","0.9","0","0","0","0","1.5","0","0.2","0.2","2.6"
"Tanner Hudson","TE","CIN","-","-","-","-","-","-","-","0","1.2","0","0","0","0","0","1.4","-","0","0.3","2.6"
"T.J. Logan","RB","FA","0","0","0","0","0","0","-","0","0.2","0.6","1.1","0.2","0.2","-","-","-","-","0.2","2.3"
"Michael Crabtree","WR","FA","0","1.3","0.9","-","-","-","-","-","-","-","-","-","-","-","-","-","-","0.7","2.2"
"Tyler Ervin","RB","FA","0","0","0","0","-","-","0","0","-","-","-","-","-","0","0","0.6","1.5","0.2","2.1"
"Fred Brown","WR","FA","-","-","-","0","0","0.5","0","1.6","0","-","0","0","0","0","0","0","0","0.2","2.1"
"Keith Smith","RB","ATL","0","0","0","0","0","0.2","0","0","BYE","0","0.3","0","0.4","0","0","1.3","-0.1","0.1","2.1"
"Chris Moore","WR","FA","0","0","0","0","0","1.8","0.3","-","0","-","-","0","0","0","0","0","0","0.2","2.1"
"Eric Saubert","TE","MIA","-","-","-","-","BYE","-","-","-","-","-","-","-","-","-","-","1.1","1","1.1","2.1"
"Donte Moncrief","WR","FA","0.7","0","-","0","-","1.1","-","0","-","-","0","0","0","-","-","-","-","0.2","1.8"
"Stanley Morgan Jr.","WR","CIN","-","-","-","-","0.6","0","0","0.3","BYE","0.9","0","0","0","0","0","0","-","0.2","1.8"
"Ashton Dulin","WR","IND","-","-","-","0","0","BYE","0","0","0","0","0","0","1.3","0","0.4","0","0","0.1","1.7"
"Nick Bawden","RB","NYJ","0","0","1","0.4","-","0","0","0","0","0.3","0","-","-","-","-","-","-","0.2","1.7"
"Diontae Spencer","WR","NYJ","0","0","0","0.8","0.9","0","0.5","2.3","-2","-","0","0","0","0","0","0","-0.8","0.1","1.7"
"Samaje Perine","RB","DEN","0","0","0","0","0","0","-","-","-","BYE","-","-","-","-","-","-","1.6","0.2","1.6"
"Josh Oliver","TE","MIN","-","-","-","-","-","-","0","0.6","0.4","-","0.5","BYE","-","-","-","-","-","0.4","1.5"
"Mike Thomas","WR","BAL","0","0","0","0","0","0","0","0","-","0","0.9","0","0","0","0.5","0","0","0.1","1.4"
"Ryan Grant","WR","FA","1.6","-0.2","-","-","-","-","-","-","-","-","-","-","-","-","-","-","-","0.7","1.4"
"Gunner Olszewski","WR","PIT","0","0","-2","0","0","3.4","0","0","-","-","-","-","-","-","-","-","-","0.2","1.4"
"Cody Hollister","WR","TEN","-","-","-","-","-","-","-","-","-","0","BYE","-","1.3","0","0","0","-","0.3","1.3"
"Isaac Nauta","TE","FA","-","-","-","-","-","-","-","-","-","-","-","0","0","0.3","1","0","0","0.2","1.3"
"Damien Harris","RB","BUF","-","-","0","-","-","BYE","1.2","-","-","-","-","-","-","-","-","-","-","0.6","1.2"
"Jeff Smith","WR","NYJ","-","-","-","BYE","-","-","-","-","-","-","-","-","-","-","1.2","-","-","1.2","1.2"
"Josh Adams","RB","FA","-","-","-","-","-","-","-","-","-","0","0.6","0.6","-","-","-","-","-","0.4","1.2"
"Sean Culkin","TE","FA","0","0","0","1.2","-","-","-","-","-","-","-","-","-","-","-","-","-","0.3","1.2"
"John Ursua","WR","FA","-","0","-","-","-","-","-","-","-","-","-","-","-","-","0","-","1.1","0.4","1.1"
"Chris Manhertz","TE","DEN","0","0","0","0","-","0","-","0","0","0","0","0","0","1.1","0","0","0","0.1","1.1"
"Dexter Williams","RB","FA","-","-","-","-","-","-","0.2","0","0","-","-","-","-","-","-","-","0.9","0.3","1.1"
"Antony Auclair","TE","FA","0","0","0","0","0","0","-","0","1.1","-","-","-","-","-","-","-","-","0.1","1.1"
"Buddy Howell","RB","FA","0","0","0","0","0","0","0","0","0","-","0.5","0","0","0","0","0","0.5","0.1","1"
"Levine Toilolo","TE","FA","0","0","0","-","0","0.8","0.2","0","0","0","0","-","-","-","0","0","0","0.1","1"
"Jordan Scarlett","RB","FA","0","-","-","0","0","0","-","0.9","0","0","0","0","-","-","-","-","-","0.1","0.9"
"Josh Ferguson","RB","FA","-","-","-","-","-","-","-","-","-","-","-","-","-","-","0.9","-","0","0.5","0.9"
"John Kelly Jr.","RB","CLE","0","-","-","-","-","0","0.9","0","-","-","-","-","-","-","-","-","0","0.2","0.9"
"Jordan Thomas","TE","FA","0","-","-","-","-","-","-","-","-","-","-","0","0","0","0","-","0.8","0.1","0.8"
"Ryan Nall","RB","FA","-","-","-","-","-","-","-","-","-","0","0","0","0","0","0","0","0.8","0.1","0.8"
"Josh McCown","QB","FA","-","1","-","-","-0.2","0","-","-","-","-","-","-","-","-","-","-","-","0.3","0.8"
"Tony Brooks-James","RB","FA","-","-","-","-","-","-","-","-","0","1.1","-0.4","-","-","-","-","-","-","0.2","0.7"
"Dwayne Harris","WR","FA","0.7","0","-","-","-","-","-","0","-","-","-","-","-","-","-","-","-","0.2","0.7"
"Chris Herndon IV","TE","FA","0","-","-","-","-","-","-","-","-","0.7","-","-","-","-","-","-","-","0.4","0.7"
"Ryan Griffin","QB","FA","-","-","-","-","-","-","-","-","-","-","-","-","-","0.7","-0.1","-","-","0.3","0.6"
"Jaleel Scott","WR","FA","-","-","-","-","-","0","0","-","-","-","-","-","-","-","-","-","0.6","0.2","0.6"
"Dalton Schultz","TE","HOU","0","0","0","0","0","0.6","0","-","0","0","0","0","0","0","0","0","0","0","0.6"
"Sean Mannion","QB","FA","-","-","-0.2","-","-","-","-","-","-","-","-","-","-","-","-0.3","-","1","0.2","0.5"
"Tyrone Swoopes","TE","FA","0","-","-","-","-","-","-","-","-","-","-","0","0","0","0","-","0.5","0.1","0.5"
"Jakob Johnson","RB","LV","-","-","0","0","0.5","0","-","-","-","-","-","-","-","-","-","-","-","0.1","0.5"
"Charles Jones","TE","FA","-","-","-","-","-","-","-","-","-","-","-","0","0","0","-","-","0.5","0.1","0.5"
"Darrell Daniels","TE","FA","-","-","0","-","0","0","0","0","0","0","0.4","-","0","0","-","0","-","0","0.4"
"Krishawn Hogan","WR","FA","-","-","-","-","-","-","-","0","-","0","0","0","0","0","0","0.4","-","0.1","0.4"
"Zach Gentry","TE","PIT","-","-","0","0","-","0","BYE","-","-","-","-","-","-","-","0.4","-","-","0.1","0.4"
"Roosevelt Nix","RB","FA","0","-","-","-","-","-","-","0.4","0","-","-","-","-","-","-","-","-","0.1","0.4"
"Alfred Morris","RB","FA","-","-","-","-","-","-","-","-","0.4","-","-","-","-","-","-","-","-","0.4","0.4"
"Senorise Perry","RB","FA","-","-","-","-","-","-","0","0","0","0","0","0","0","0","0","0","0.4","0","0.4"
"Cyril Grayson Jr.","WR","FA","-","-","-","-","-","-","-","-","-","-","-","-","-","-","-","0","0.3","0.2","0.3"
"James Develin","RB","FA","0","0.3","-","-","-","-","-","-","-","-","-","-","-","-","-","-","-","0.2","0.3"
"Trevor Siemian","QB","FA","-","0.1","-","-","-","-","-","-","-","-","-","-","-","-","-","-","-","0.1","0.1"
"Trace McSorley","QB","FA","-","-","-","-","-","-","-","-","-","-","-","-","-","-","-","-","0.1","0.1","0.1"
"Eric Tomlinson","TE","FA","0","0","0","-","-","-","0.1","0","-","-","-","-","-","-","0","0","0","0","0.1"
"Davion Davis","WR","FA","-","-","-","-","-","-","-","0","-","0","-","-","-","-","-","-","-","0","0"
"Jaydon Mickens","WR","NYG","-","-","-","-","-","-","-","-","-","-","BYE","-","-","-","-","-","0","0","0"
"Marcus Kemp","WR","WAS","0","-","-","-","-","-","-","-","-","BYE","-","-","-","-","-","-","-","0","0"
"Trayveon Williams","RB","CIN","-","-","-","-","-","0","0","0","BYE","0","0","0","0","0","0","0","0","0","0"
"James Franklin","QB","FA","-","-","-","-","-","-","-","-","-","-","-","-","-","-","-","-","0","0","0"
"Taywan Taylor","WR","FA","-","0","0","0","-","-","-","-","-","-","-","-","-","-","0","-","-","0","0"
"Joe Webb III","QB","FA","0","-","-","-","-","-","-","-","-","-","-","-","-","-","-","-","-","0","0"
"Jeremy McNichols","RB","PIT","-","-","-","-","-","-","BYE","-","-","-","-","-","-","-","-","-","0","0","0"
"Rob Gronkowski","TE","FA","0","-","-","-","-","-","-","-","-","-","-","-","-","-","-","-","-","0","0"
"Geno Smith","QB","SEA","-","-","-","-","-","-","-","-","-","-","BYE","-","-","-","-","-","0","0","0"
"Kendall Blanton","TE","KC","-","-","-","-","-","-","-","-","-","-","-","BYE","-","0","-","-","-","0","0"
"Jace Sternberger","TE","FA","-","-","-","-","-","-","-","-","0","0","-","-","0","0","0","-","0","0","0"
"Nsimba Webster","WR","CHI","-","-","-","-","-","BYE","-","-","-","-","0","-","-","0","0","0","0","0","0"
"Tom Kennedy","WR","DET","-","-","-","0","BYE","-","-","-","-","-","-","-","-","-","-","-","-","0","0"
"Cullen Gillaspia","RB","FA","0","0","0","0","0","0","0","0","0","-","0","0","0","0","0","0","0","0","0"
"Bryce Love","RB","FA","-","-","-","-","-","-","-","-","-","-","-","0","-","-","-","-","-","0","0"
"Evan Baylis","TE","FA","-","-","0","0","-","0","0","0","-","-","-","-","-","-","-","-","-","0","0"
"Juwann Winfree","WR","FA","-","-","0","-","-","-","-","0","0","-","-","-","-","-","-","-","-","0","0"
"Lil'Jordan Humphrey","WR","DEN","-","-","0","0","-","0","0","-","-","BYE","-","-","-","-","-","-","0","0","0"
"Kyle Nelson","TE","FA","0","-","-","-","-","-","-","0","0","0","0","0","0","0","0","0","0","0","0"
"Travis Fulgham","WR","FA","-","-","-","-","-","-","-","-","-","-","-","-","-","-","0","0","0","0","0"
"Craig Reynolds","RB","DET","-","-","-","-","BYE","-","0","0","0","-","-","-","-","-","-","-","-","0","0"
"Brandin Bryant","RB","BUF","-","-","-","-","-","BYE","-","-","-","-","-","0","0","0","0","-","-","0","0"
"Stephen Anderson","TE","FA","-","-","-","-","0","-","-","-","-","-","-","-","-","-","-","-","-","0","0"
"Brandon Wilson","S","CIN","-","-","-","-","-","-","-","-","BYE","-","0","-","-","-","-","-","-","0","0"
"Jalen Guyton","WR","FA","-","-","-","-","-","-","-","-","-","-","-","-","0","0","-","0","-","0","0"
"Joshua Dobbs","QB","CLE","0","-","-","-","-","-","BYE","-","-","-","-","-","-","-","-","-","-","0","0"
"Ryan Santoso","K","FA","-","-","-","-","-","-","-","-","-","-","-","-","0","0","0","-","-","0","0"
"Chad Williams","WR","FA","-","-","-","-","-","-","-","-","-","-","-","-","-","0","-","-","-","0","0"
"Equanimeous St. Brown","WR","CHI","0","-","-","-","-","BYE","-","-","-","-","-","-","-","-","-","-","-","0","0"
"Deante Burton","WR","FA","-","-","-","-","-","-","-","-","-","-","-","-","-","0","-","0","0","0","0"
"Josh Doctson","WR","FA","-","-","-","-","-","-","-","-","-","-","0","-","-","-","-","-","-","0","0"
"Austin Walter","RB","LV","-","-","-","-","-","0","-","-","-","-","-","-","-","-","-","-","-","0","0"
"Brandon Dillon","TE","FA","0","-","-","-","-","-","-","-","-","-","-","-","-","-","-","-","-","0","0"
"Trenton Cannon","RB","FA","0","0","0","-","0","-","-","-","-","-","-","-","-","-","-","-","-","0","0"
"C.J. Beathard","QB","JAC","0","-","-","-","-","-","-","-","-","BYE","-","-","-","-","-","-","-","0","0"
"Matt McCrane","K","FA","0","-","-","-","-","-","-","-","-","-","-","-","-","-","-","-","-","0","0"
"Derrick Willies","WR","FA","0","-","-","-","-","-","-","-","-","-","-","-","-","-","-","-","-","0","0"
"Graham Gano","K","NYG","0","-","-","-","-","-","-","-","-","-","BYE","-","-","-","-","-","-","0","0"
"Kaare Vedvik","K","FA","0","-","-","-","-","-","-","-","-","-","-","-","-","-","-","-","-","0","0"
"Jordan Reed","TE","FA","0","-","-","-","-","-","-","-","-","-","-","-","-","-","-","-","-","0","0"
"River Cracraft","WR","MIA","0","0","-","-","BYE","-","-","-","-","-","-","-","-","-","-","-","-","0","0"
"Josh Malone","WR","FA","0","-","-","-","-","-","-","-","-","-","-","-","-","-","-","0","0","0","0"
"A.J. Green","WR","FA","0","-","-","-","-","-","-","-","-","-","-","-","-","-","-","-","-","0","0"
"Taylor Heinicke","QB","ATL","0","-","-","-","-","-","-","-","BYE","-","-","-","-","-","-","-","-","0","0"
"Jake Butt","TE","FA","0","-","-","-","-","-","-","-","-","-","-","-","-","-","-","-","-","0","0"
"Alex Collins","RB","FA","0","-","-","-","-","-","-","-","-","-","-","-","-","-","-","-","-","0","0"
"Matthew Slater","WR","NE","0","0","0","0","0","0","0","0","0","BYE","0","0","0","0","0","0","0","0","0"
"Chad Kelly","QB","FA","0","-","-","-","-","-","-","-","-","-","-","-","-","-","-","-","-","0","0"
"Lamar Miller","RB","FA","0","-","-","-","-","-","-","-","-","-","-","-","-","-","-","-","-","0","0"
"Alex Ellis","TE","FA","0","-","0","0","-","-","-","-","-","-","-","-","-","-","-","-","-","0","0"
"Michael Burton","RB","DEN","0","-","-","-","-","-","0","0","0","BYE","0","0","0","0","0","0","0","0","0"
"Corey Coleman","WR","FA","0","-","-","-","-","-","-","-","-","-","-","-","-","-","-","-","-","0","0"
"Mason Schreck","TE","HOU","0","-","-","-","-","-","-","-","-","BYE","-","-","0","-","0","-","-","0","0"
"Darvin Kidsy","WR","FA","0","-","-","-","-","-","-","-","-","-","-","-","-","0","-","0","0","0","0"
"Chandler Cox","RB","FA","0","0","0","0","-","-","0","0","0","0","0","0","0","0","-","-","0","0","0"
"D.J. Foster","RB","FA","0","0","0","0","0","0","-","-","-","-","-","-","-","-","-","-","-","0","0"
"Rod Smith","RB","FA","0","-","-","-","-","-","-","0","0","0","-","-","-","-","0","0","0","0","0"
"Noah Brown","WR","HOU","0","-","-","-","-","-","-","-","-","BYE","-","-","-","-","-","-","-","0","0"
"Justin Hardee","WR","NYJ","0","0","0","0","0","0","0","0","-","0","0","0","0","0","0","0","0","0","0"
"Beau Brinkley","TE","FA","0","0","0","0","0","0","0","0","0","0","-","0","0","0","0","0","0","0","0"
"JoJo Natson","WR","FA","0","0","0","0","0","0","0","0","-","0","0","0","0","-","-","-","-","0","0"
"Victor Bolden Jr.","WR","FA","0","-","-","-","-","-","-","-","-","-","-","-","-","-","-","-","-","0","0"
"Chad Henne","QB","FA","0","-","-","-","-","-","-","-","-","-","-","-","-","-","-","-","-","0","0"
"Alex Smith","QB","FA","0","-","-","-","-","-","-","-","-","-","-","-","-","-","-","-","-","0","0"
"Nate Sudfeld","QB","DET","0","-","-","-","BYE","-","-","-","-","-","-","-","-","-","-","-","-","0","0"
"Trenton Irwin","WR","CIN","-","-","-","-","-","-","-","-","BYE","-","-","-","-","-","-","-","0","0","0"
"Jason Croom","TE","FA","0","-","-","-","-","-","-","-","-","-","-","-","-","-","-","-","-","0","0"
"Logan Paulsen","TE","FA","0","-","-","-","-","-","-","-","-","-","-","-","-","-","-","-","-","0","0"
"Lance Lenoir Jr.","WR","FA","0","-","-","-","-","-","-","-","-","-","-","-","-","-","-","-","-","0","0"
"Jordan Franks","TE","KC","0","-","-","-","-","-","-","-","-","-","-","BYE","-","-","-","-","-","0","0"
"Daurice Fountain","WR","CHI","0","-","-","-","-","BYE","-","-","-","-","-","-","-","-","-","-","-","0","0"
"Clark Harris","TE","FA","0","0","0","0","0","0","0","0","-","0","0","0","0","0","0","0","0","0","0"
"Gehrig Dieter","WR","FA","0","-","-","-","-","-","-","-","-","-","0","-","0","-","-","-","-","0","0"
"Jerell Adams","TE","FA","0","-","-","-","-","-","-","-","-","-","-","-","-","-","-","-","-","0","0"
"Keith Kirkwood","WR","NO","0","-","-","-","-","-","-","-","BYE","-","-","-","-","-","-","-","-","0","0"
"Cooper Rush","QB","DAL","0","-","-","-","-","-","-","BYE","-","-","-","-","-","-","0","-","-","0","0"
"Richard Rodgers","TE","FA","0","-","-","-","-","-","-","-","-","-","-","-","-","-","-","-","0","0","0"
"Tim Boyle","QB","NYJ","-","-","-","BYE","-","-","-0.3","-","-","-","-","0.6","-0.4","-","-","-","-","0","-0.1"
"Garrett Gilbert","QB","NE","0","-","-","-","0","-","-","-","-","BYE","-0.1","-0.1","0","-0.1","-","-","-","-0.1","-0.3"
"Nick Mullens","QB","MIN","0","-","-","-","-","-","-","-0.3","-","-","-","BYE","-","-","-","-","-","-0.2","-0.3"
"Jarrett Stidham","QB","DEN","-","-","-0.4","-","0","-","-0.2","-","-","BYE","-","-","-","-","-","-","-","-0.2","-0.6"
"Blake Bortles","QB","FA","0","-","-","-","-","-","0","-","-","0.1","-","-","-0.9","-","-","-","-","-0.2","-0.8"
"Darrius Shepherd","WR","FA","-","-","0","0","0","-1.9","0","0","-","-","-","-","-","-","-","-","-","-0.3","-1.9"
"Ray-Ray McCloud III","WR","SF","0","0","0","0","0","-2","-","-","-","-","-","-","-","-","-","-","-","-0.3","-2"
"Greg Dortch","WR","ARI","-","-","-","-","-","-","-","-","0","-","-","BYE","-","-2","-","-","-","-1","-2"
"Michael Walker","WR","FA","-","-","-","-","-","-","-","-","0","-","0","-2","0.6","0.9","0","-2","-","-0.4","-2.5"
"Corey Clement","RB","ARI","0","-2","-","0","-2","-","-","-","-","-","-","BYE","-","-","-","-","-","-1","-4"
""
""